id,vaccineSerialNumber,identifier1_system,identifier1_value,status,statusReason_system,statusReason_code,statusReason_display,vaccineCode_coding1_system,vaccineCode_coding1_code,vaccineCode_coding1_display,vaccineCode_coding2_system,vaccineCode_coding2_code,vaccineCode_coding2_display,vaccineCode_text,patient_reference_type,patient_reference_id,patient_display,patient_identifier_type_system,patient_identifier_type_code,patient_identifier_type_display,patient_identifier_type_text,patient_identifier_system,patient_identifier_value,encounter_reference_type,encounter_reference_id,occurrenceDateTime,recorded,primarySource,location_reference_type,location_reference_id,manufacturer_display,lotNumber,site_system,site_code,site_display,site_text,route_system,route_code,route_display,route_text,performer1_function_system,performer1_function_code,performer1_function_display,performer1_function_text,,performer1_actor_reference_type,performer1_actor_reference_id,performer1_actor_identifier_type_system,performer1_actor_identifier_type_code,performer1_actor_identifier_type_display,performer1_actor_identifier_type_text,performer1_actor_identifier_system,performer1_actor_identifier_value,protocolApplied1_series,protocolApplied1_targetDisease1_system,protocolApplied1_targetDisease1_code,protocolApplied1_targetDisease1_display,protocolApplied1_targetDisease1_text,protocolApplied1_doseNumberPositiveInt,note_text
air-covid-1,vNo1111,urn:ietf:rfc:3986,urn:uuid:475db616-dfd5-43f3-b935-9f582233a38d,completed,,,,https://www.humanservices.gov.au/organisations/health-professionals/enablers/air-vaccine-code-formats,COMIRN,,,,,Pfizer Comirnaty,Patient,baratz-toni,,,,,,,,,,2021-06-17,,true,,au-hospital-pharm-out,,,,,,,,,,,,,Administering Provider,Administering Provider,,Practitioner,ford-dean,,,,,,,,,,,COVID-19,1,
air-covid-2,,urn:ietf:rfc:3986,urn:uuid:475db616-dfd5-43f3-b935-9f582233a38d,completed,,,,https://www.humanservices.gov.au/organisations/health-professionals/enablers/air-vaccine-code-formats,COMIRN,,,,,Pfizer Comirnaty,Patient,baratz-toni,,,,,,,,,,2021-08-01,,true,,,,,,,,,,,,,,,,,,,,,,,,,,,,,,COVID-19,2,
covid-1,vNo1111,,,completed,,,,https://www.humanservices.gov.au/organisations/health-professionals/enablers/air-vaccine-code-formats,COMIRN,,http://snomed.info/sct,1525011000168107,Comirnaty,Pfizer Comirnaty,Patient,baratz-toni,,,,,,,,Encounter,covid-admin-1,2021-06-17,,true,Location,elimbah-medical-centre,Pfizer Australia Ltd,200000000P,http://snomed.info/sct,368208006,Left upper arm structure,Left upper arm,http://snomed.info/sct,78421000,Intramuscular route,Intramuscular,http://terminology.hl7.org/CodeSystem/v2-0443,AP,Administering Provider,Administering Provider,,PractitionerRole,generalpractitioner-guthridge-jarred,,,,,,,primary vaccination course 2-dose,http://snomed.info/sct,840539006,COVID-19,COVID-19,1,
covid-2,vNo1awef1111,,,completed,,,,https://www.humanservices.gov.au/organisations/health-professionals/enablers/air-vaccine-code-formats,COMIRN,,http://snomed.info/sct,1525011000168107,Comirnaty,Pfizer Comirnaty,Patient,baratz-toni,,,,,,,,Encounter,covid-admin-2,2021-08-01,2021-08-01,true,Location,elimbah-medical-centre,Pfizer Australia Ltd,300000000P,,,,,,,,,http://terminology.hl7.org/CodeSystem/v2-0443,AP,Administering Provider,Administering Provider,,PractitionerRole,generalpractitioner-guthridge-jarred,,,,,,,primary vaccination course 2-dose,http://snomed.info/sct,840539006,COVID-19,COVID-19,2,
hepb-1,,,,completed,,,,https://www.humanservices.gov.au/organisations/health-professionals/enablers/air-vaccine-code-formats,ENGP,,,,,Engerix-B (paediatric),Patient,baby-banks-john,,,,,,,,,,2023-01-24,,true,Location,barney-view-private-hospital,,,,,,,,,,,,,,,,,,,,,,,,,,,,Hepatitis B,1,
zoster-notgiven,,,,not-done,http://snomed.info/sct,1620681000168106,Patient objection,http://snomed.info/sct,830851000168105,varicella-zoster live vaccine,,,,,Patient,irvine-ronny-lawrence,Ronny LAWRENCE IRVINE,,,,,,,,,2017-08-15,,true,,,,,,,,,,,,,http://terminology.hl7.org/CodeSystem/v2-0443,AP,Administering Provider,Administering Provider,,Practitioner,guthridge-jarred,,,,,,,,,,,,,Patient refused administration of Zostavax
zoster-missing-code,,,,not-done,http://snomed.info/sct,1620681000168106,Patient objection,,,,,,,,Patient,irvine-ronny-lawrence,Ronny LAWRENCE IRVINE,,,,,,,,,2017-08-15,,true,,,,,,,,,,,,,http://terminology.hl7.org/CodeSystem/v2-0443,AP,Administering Provider,Administering Provider,,Practitioner,guthridge-jarred,,,,,,,,,,,,,Patient refused administration of Zostavax
zoster-suppressed-subject,,,,not-done,http://snomed.info/sct,1620681000168106,Patient objection,http://snomed.info/sct,830851000168105,varicella-zoster live vaccine,,,,,Patient,,,,,,,,,,,2017-08-15,,true,,,,,,,,,,,,,http://terminology.hl7.org/CodeSystem/v2-0443,AP,Administering Provider,Administering Provider,,Practitioner,guthridge-jarred,,,,,,,,,,,,,Patient refused administration of Zostavax
zoster-missing-occurrence,,,,not-done,http://snomed.info/sct,1620681000168106,Patient objection,http://snomed.info/sct,830851000168105,varicella-zoster live vaccine,,,,,Patient,irvine-ronny-lawrence,Ronny LAWRENCE IRVINE,,,,,,,,,,,true,,,,,,,,,,,,,http://terminology.hl7.org/CodeSystem/v2-0443,AP,Administering Provider,Administering Provider,,Practitioner,guthridge-jarred,,,,,,,,,,,,,Patient refused administration of Zostavax
