id,old_id,identifier1_dataAbsentReason,identifier1_type_code,identifier1_type_display,identifier1_type_text,identifier1_system,identifier1_value,identifier1_assigner_display,identifier2_type_code,identifier2_type_display,identifier2_type_text,identifier2_system,identifier2_value,identifier2_assigner_display,active,period_start,period_end,practitioner_reference_id,practitioner_display,organization_reference,organization_reference_id,code1_coding1_system,code1_coding1_code,code1_coding1_display,code1_coding2_system,code1_coding2_code,code1_coding2_display,code1_coding3_system,code1_coding3_code,code1_coding3_display,code1_text,specialty1_coding1_system,specialty1_coding1_code,specialty1_coding1_display,specialty1_coding2_system,specialty1_coding2_code,specialty1_coding2_display,specialty1_text,location_reference,location_reference_id,location_display,healthcareService_reference,telecom1_system,telecom1_value,telecom1_use,telecom2_system,telecom2_value,telecom2_use,availableTime1_daysOfWeek1,availableTime1_daysOfWeek2,availableTime1_daysOfWeek3,availableTime1_availableStartTime,availableTime1_availableEndTime,availableTime2_daysOfWeek1,availableTime2_daysOfWeek2,availableTime2_availableStartTime,availableTime2_availableEndTime,notAvailable1_description,notAvailable1_during_start,notAvailable1_during_end,availabilityExceptions
audiologist-bradley-jill,,,,,,,,,,,,,,,true,,,bradley-jill,,,adv-hearing-care,http://snomed.info/sct,309418004,Audiologist,,,,,,,Audiologist,http://snomed.info/sct,394578005,Audiological medicine,,,,,,,,,email,jill.bradley@ahc.example.com,work,,,,,,,,,,,,,,,,
missing-practitioner,,,,,,,,,,,,,,,true,,,,,,adv-hearing-care,http://snomed.info/sct,309418004,Audiologist,,,,,,,Audiologist,http://snomed.info/sct,394578005,Audiological medicine,,,,,,,,,email,jill.bradley@ahc.example.com,work,,,,,,,,,,,,,,,,
,bobrester-bob-gp,,EI,Employee number,Employee Number,http://ns.electronichealth.net.au/id/hpio-scoped/service-provider-individual/1.0/8003621566684455,BBC-GA-001,Bobregster Medical Center QLD,,,,,,,,,,guthridge-jarred,,,bobrester-medical-center,http://snomed.info/sct,62247001,"General practitioner	",http://www.abs.gov.au/ausstats/abs@.nsf/mf/1220.0,253111,,,,,General Practitioner,http://snomed.info/sct,394814009,General practice (specialty),,,,,,bobrester-medical-center,,,phone,0491579760,,email,drbob@bobrestermedical.example.com,,,,,,,,,,,,,,
,cardiologist-cardy-igist,,UPIN,,Medicare Provider Number,http://ns.electronichealth.net.au/id/medicare-provider-number,1555561A,,,,,,,,,,,cardy-igist,,,hospital-au,http://snomed.info/sct,17561000,Cardiologist,,,,,,,Cardiologist,,,,,,,,,au-hospital,,,phone,(02) 5550 4444,,,,,,,,,,,,,,,,,
,cardiologist-sallie-sutherland,,UPIN,,Medicare Provider Number,http://ns.electronichealth.net.au/id/medicare-provider-number,1555561A,,,,,,,,,,,sallie-sutherland,,,murrabit-hospital,http://snomed.info/sct,17561000,Cardiologist,,,,,,,Cardiologist,,,,,,,,,murrabit-hospital,,,phone,0370102880,,email,sallie.sutherland@murrabitph.example.com.au,work,,,,,,,,,,,,,
,dietician-tan-patricia,,,,,,,,,,,,,,,,,,"Ms Patricia Tan, Dieticians Australia",,,http://snomed.info/sct,159033005,Dietitian,,,,,,,Dietitian,http://www.abs.gov.au/ausstats/abs@.nsf/mf/1220.0,251111,Dietitian,,,,,,,,,fax,0370102020,work,,,,,,,,,,,,,,,,
,gp-primary-peter,,EI,Employee number,Employee Number,http://example.org/Organization/practitioners,23,,,,,,,,true,2012-01-01,2012-03-31,primary-peter,Dr Peter Primary,http://example.org/Organization/123,,http://snomed.info/sct,62247001,General practitioner,,,,,,,General Practitioner,http://snomed.info/sct,394814009,General practice (specialty),,,,,http://example.org/Location/SouthWing,,"South Wing, second floor",http://example.org/HealthcareService/123,phone,(08) 7010 5556,work,email,PPP@example.org,work,mon,tue,wed,09:00:00,16:30:00,thu,fri,09:00:00,12:00:00,Peter will be on extended leave during June 2022,2017-05-01,2017-05-20,Peter is generally unavailable on public holidays and during the Christmas/New Year break
,nephrologist-darleen-mackay,,,,,,,,,,,,,,,,,darleen-mackay,,,,http://snomed.info/sct,11911009,Nephrologist,http://www.abs.gov.au/ausstats/abs@.nsf/mf/1220.0,253322,Renal Medicine Specialist,,,,Nephrologist,http://snomed.info/sct,394589003,Nephrology,,,,,,,,,phone,(03) 7010 8625,,,,,,,,,,,,,,,,,
,nephrologist-levin-henry,,EI,Employee number,Employee Number,http://example.org/Organization/practitioners,23,,,,,,,,true,2012-01-01,2012-03-31,levin-henry,Dr Henry Levin VII,http://example.org/Organization/123,,http://snomed.info/sct,11911009,Nephrologist,,,,,,,Nephrologist,http://snomed.info/sct,394589003,Nephrology,,,,"Allopathic Osteopathic Physicians; Internal Medicine, Nephrology",http://example.org/Location/SouthWing,,"South Wing, second floor",http://example.org/HealthcareService/123,phone,(08) 7010 5557,work,email,HLV.southern@example.org,work,mon,tue,wed,09:00:00,16:30:00,thu,fri,09:00:00,12:00:00,Adam will be on extended leave during May 2017,2017-05-01,2017-05-20,Adam is generally unavailable on public holidays and during the Christmas/New Year break
,np-nurse-nancy,,EI,Employee number,Employee Number,http://example.org/Organization/practitioners,23,,,,,,,,true,2012-01-01,2012-03-31,nurse-nancy,,http://example.org/Organization/123,,http://snomed.info/sct,224571005,Nurse practitioner,,,,,,,Nurse practitioner,http://snomed.info/sct,722165004,Nursing,,,,"Nursing Service Providers; Registered Nurse, Diabetes Educator",http://example.org/Location/SouthWing,,"South Wing, second floor",http://example.org/HealthcareService/123,phone,(08) 7010 5555,work,email,NNNP@example.org,work,mon,tue,wed,09:00:00,16:30:00,thu,fri,09:00:00,12:00:00,Nancy will be on extended leave during May 2022,2022-05-01,2022-05-20,Nancy is generally unavailable on public holidays and during Jewish Holidays
,retail-pharmacist,,,,,,,,,,,,,,,,,pharmacist,,,pharmacy,http://snomed.info/sct,159011008,"Community pharmacist	",,,,,,,"Community pharmacist	",,,,,,,,,pharmacy,,,email,pha@gmail.com,work,,,,,,,,,,,,,,,,
,sandyson-sandy-nurse,,EI,Employee number,Employee Number,http://ns.electronichealth.net.au/id/hpio-scoped/service-provider-individual/1.0/8003621566684455,EMP79232379,Hospital Australia,,,,,,,,,,sandyson-sandy,,,hospital-au,http://snomed.info/sct,224535009,Registered nurse,,,,,,,Registered nurse,,,,,,,,,au-hospital,,,phone,(03) 5550 3333,,,,,,,,,,,,,,,,,
,surgeon-chau-fryer,,,,,,,,,,,,,,,,,chau-fryer,,,murrabit-hospital,http://snomed.info/sct,309369000,Cardiothoracic surgeon,,,,,,,Cardiothoracic surgeon,http://snomed.info/sct,394603008,"Cardiothoracic surgery	",,,,,,murrabit-hospital,,,phone,(03) 7010 8625,,email,chau.fryer@murrabitph.example.com.au,work,,,,,,,,,,,,,
,surgeon-david-surgeon,,EI,Employee number,Employee Number,http://ns.electronichealth.net.au/id/hpio-scoped/service-provider-individual/1.0/8003621566684455,EMP79232999,Hospital Australia,,,,,,,,,,surgeon-david,,,hospital-au,http://snomed.info/sct,78703002,General surgeon,http://www.abs.gov.au/ausstats/abs@.nsf/mf/1220.0,253511,Surgeon (General),,,,General surgeon,,,,,,,,,au-hospital,,,phone,(03) 5550 3333,,,,,,,,,,,,,,,,,
,midwife-dallas,,UPIN,,Medicare Provider Number,http://ns.electronichealth.net.au/id/medicare-provider-number,2448331J,,,,,,,,,,,kendall-dallas,,,,http://snomed.info/sct,309453006,Registered midwife,,,,,,,Midwife,http://snomed.info/sct,1287784006,Obstetric nursing,,,,,,au-hospital,,,phone,0770102627,work,email,dallas.kendall@example.net,work,,,,,,,,,,,,,
aboriginal-coulter-oliver,,,UPIN,,Medicare Provider Number,http://ns.electronichealth.net.au/id/medicare-provider-number,2448261H,,,,,,,,,,,coulter-oliver,,,southedge-practice,http://www.abs.gov.au/ausstats/abs@.nsf/mf/1220.0,411511,Aboriginal and Torres Strait Islander Health Worker,http://snomed.info/sct,826241000168109,Aboriginal and Torres Strait Islander health worker,,,,,,,,,,,,,southedge-practice,,,phone,0770102471,work,email,oliver.c@southedgepractice.example.com.au,work,,,,,,,,,,,,,
registerednurses-berry-shay,,,UPIN,,Medicare Provider Number,http://ns.electronichealth.net.au/id/medicare-provider-number,2448271F,,,,,,,,,,,berry-shay,,,hudson-aged-care,http://www.abs.gov.au/ausstats/abs@.nsf/mf/1220.0,254499,Registered Nurses nec,http://snomed.info/sct,224535009,Registered nurse,,,,,http://snomed.info/sct,722165004,Nursing,,,,,,hudson-aged-care,,,phone,0770101729,work,email,shay.b@hudsonagedcare.example.com.au,work,,,,,,,,,,,,,
cardiothoracicsurgeon-manning-meg,,,UPIN,,Medicare Provider Number,http://ns.electronichealth.net.au/id/medicare-provider-number,2448281B,,,,,,,,,,,manning-meg,,,,http://www.abs.gov.au/ausstats/abs@.nsf/mf/1220.0,253512,Cardiothoracic Surgeon,,,,,,,,http://snomed.info/sct,394603008,Cardiothoracic surgery,,,,,,,,,phone,0770106543,work,email,meg.m@example.com,work,,,,,,,,,,,,,
emergencymedicine-mitchell-frankie,,,UPIN,,Medicare Provider Number,http://ns.electronichealth.net.au/id/medicare-provider-number,2448291A,,,,,,,,,,,mitchell-frankie,,,tarampa-emergency,http://www.abs.gov.au/ausstats/abs@.nsf/mf/1220.0,253912,Emergency Medicine Specialist,,,,,,,,http://snomed.info/sct,773568002,Emergency medicine,,,,,,tarampa-emergency,,,phone,0770104985,work,email,frankie.mitchell@tarampa.emergency.example.com.au,work,,,,,,,,,,,,,
generalpractitioner-guthridge-jarred,,,UPIN,,Medicare Provider Number,http://ns.electronichealth.net.au/id/medicare-provider-number,2448301T,,EI,Employee number,Employee Number,http://ns.electronichealth.net.au/id/hpio-scoped/service-provider-individual/1.0/8003629900040359,BBC-GA-001,Elimbah Medical Centre,,,,guthridge-jarred,,,elimbah-medical-centre,http://www.abs.gov.au/ausstats/abs@.nsf/mf/1220.0,253111,General Practitioner,,,,,,,,http://snomed.info/sct,408443003,General medical practice,,,,,,elimbah-medical-centre,,,phone,0770109540,work,email,jarred.guthridge@elimbahmedicalcentre.example.com.au,work,,,,,,,,,,,,,
generalpractitioner-samuels-wyatt,,,UPIN,,Medicare Provider Number,http://ns.electronichealth.net.au/id/medicare-provider-number,2448311L,,,,,,,,,,,samuels-wyatt,,,loch-lomond-medical-clinic,http://www.abs.gov.au/ausstats/abs@.nsf/mf/1220.0,253111,General Practitioner,http://snomed.info/sct,62247001,"General practitioner	",,,,,http://snomed.info/sct,408443003,General medical practice,,,,,,loch-lomond-medical-clinic,,,phone,0770109261,work,email,wyatt.samuels@lochlomondmc.example.net,work,,,,,,,,,,,,,
medicaloncologist-leeds-luigi,,,UPIN,,Medicare Provider Number,http://ns.electronichealth.net.au/id/medicare-provider-number,2448321K,,,,,,,,,,,leeds-luigi,,,,http://www.abs.gov.au/ausstats/abs@.nsf/mf/1220.0,253314,Medical Oncologist,,,,,,,,http://snomed.info/sct,394593009,Medical oncology,,,,,,,,,phone,0770100952,work,email,luigi.leeds@example.com.au,work,,,,,,,,,,,,,
midwife-kendall-dallas,,,UPIN,,Medicare Provider Number,http://ns.electronichealth.net.au/id/medicare-provider-number,2448331J,,,,,,,,,,,kendall-dallas,,,,http://www.abs.gov.au/ausstats/abs@.nsf/mf/1220.0,254111,Midwife,,,,,,,,http://snomed.info/sct,1287784006,Obstetric nursing,,,,,,,,,phone,0770102627,work,email,dallas.kendall@example.net,work,,,,,,,,,,,,,
nursepractitioner-mcleod-clinton,,,UPIN,,Medicare Provider Number,http://ns.electronichealth.net.au/id/medicare-provider-number,2448341H,,,,,,,,,,,mcleod-clinton,,,hudson-aged-care,http://www.abs.gov.au/ausstats/abs@.nsf/mf/1220.0,254411,Nurse Practitioner,http://snomed.info/sct,224571005,Nurse practitioner,,,,,http://snomed.info/sct,722165004,Nursing,,,,,,hudson-aged-care,,,phone,0770100611,work,email,clinton.mcleod@hudsonagedcare.example.net,work,,,,,,,,,,,,,
nursepractitioner-springett-angelo,,,UPIN,,Medicare Provider Number,http://ns.electronichealth.net.au/id/medicare-provider-number,2448351F,,,,,,,,,,,springett-angelo,,,glennie-heights-public-hospital,http://www.abs.gov.au/ausstats/abs@.nsf/mf/1220.0,254411,Nurse Practitioner,http://snomed.info/sct,224571005,Nurse practitioner,,,,,http://snomed.info/sct,722165004,Nursing,,,,,,glennie-heights-public-hospital,,,phone,0770102038,work,email,angelo.springett@glennieheightph.example.com.au,work,,,,,,,,,,,,,
nursepractitioner-haywood-byron,,,UPIN,,Medicare Provider Number,http://ns.electronichealth.net.au/id/medicare-provider-number,2448361B,,,,,,,,,,,haywood-byron,,,barney-view-private-hospital,http://www.abs.gov.au/ausstats/abs@.nsf/mf/1220.0,254411,Nurse Practitioner,http://snomed.info/sct,224571005,Nurse practitioner,,,,,http://snomed.info/sct,722165004,Nursing,,,,,,barney-view-private-hospital,,,phone,0770107684,work,email,byron.haywood@barneyviewph.example.net,work,,,,,,,,,,,,,
paediatrician-grigg-hung,,,UPIN,,Medicare Provider Number,http://ns.electronichealth.net.au/id/medicare-provider-number,2448371A,,,,,,,,,,,grigg-hung,,,,http://www.abs.gov.au/ausstats/abs@.nsf/mf/1220.0,253321,Paediatrician,,,,,,,,http://snomed.info/sct,24251000087109,General paediatric specialty,,,,,,,,,phone,0770106751,work,email,hung.grigg@example.com,work,,,,,,,,,,,,,
pathologist-shearer-joesfine,,,UPIN,,Medicare Provider Number,http://ns.electronichealth.net.au/id/medicare-provider-number,2448381Y,,,,,,,,,,,shearer-joesfine,,,carrington-pathology,http://www.abs.gov.au/ausstats/abs@.nsf/mf/1220.0,253915,Pathologist,,,,,,,,http://snomed.info/sct,394595002,Pathology,,,,,,carrington-pathology,,,phone,0770105746,work,email,joesfine.shearer@carringtonpathology.example.com.au,work,,,,,,,,,,,,,
pathologist-herbert-aimee,,,UPIN,,Medicare Provider Number,http://ns.electronichealth.net.au/id/medicare-provider-number,2448391X,,,,,,,,,,,herbert-aimee,,,kioma-pathology,http://www.abs.gov.au/ausstats/abs@.nsf/mf/1220.0,253915,Pathologist,,,,,,,,http://snomed.info/sct,394595002,Pathology,,,,,,kioma-pathology,,,phone,0770103753,work,email,aimee.herbert@kiomapathology.example.net,work,,,,,,,,,,,,,
retailpharmacist-ford-dean,,,UPIN,,Medicare Provider Number,http://ns.electronichealth.net.au/id/medicare-provider-number,2448401K,,,,,,,,,,,ford-dean,,,east-mackay-pharmacy,http://www.abs.gov.au/ausstats/abs@.nsf/mf/1220.0,251513,Retail Pharmacist,,,,,,,,http://snomed.info/sct,1268907002,Community pharmacy,,,,,,east-mackay-pharmacy,,,phone,0770104329,work,email,dean.ford@eastmackaypharmacy.example.com.au,work,,,,,,,,,,,,,
retailpharmacist-patrick-manual,,,UPIN,,Medicare Provider Number,http://ns.electronichealth.net.au/id/medicare-provider-number,2448411J,,,,,,,,,,,patrick-manual,,,cracow-pharmacy,http://www.abs.gov.au/ausstats/abs@.nsf/mf/1220.0,251513,Retail Pharmacist,http://snomed.info/sct,159011008,"Community pharmacist	",,,,,http://snomed.info/sct,1268907002,Community pharmacy,,,,,,cracow-pharmacy,,,phone,0770101282,work,email,manual.patrick@cracowpharmacy.example.net,work,,,,,,,,,,,,,
registerednurses-mclean-lizzette,,,UPIN,,Medicare Provider Number,http://ns.electronichealth.net.au/id/medicare-provider-number,2448421H,,,,,,,,,,,mclean-lizzette,,,hudson-aged-care,http://www.abs.gov.au/ausstats/abs@.nsf/mf/1220.0,254499,Registered Nurses nec,http://snomed.info/sct,224535009,Registered nurse,,,,,http://snomed.info/sct,722165004,Nursing,,,,,,hudson-aged-care,,,phone,0770100189,work,email,lizzette.mclean@hudsonagedcare.example.net,work,,,,,,,,,,,,,
registerednurses-rowland-roger,,,UPIN,,Medicare Provider Number,http://ns.electronichealth.net.au/id/medicare-provider-number,2448431F,,,,,,,,,,,rowland-roger,,,glennie-heights-public-hospital,http://www.abs.gov.au/ausstats/abs@.nsf/mf/1220.0,254499,Registered Nurses nec,http://snomed.info/sct,224535009,Registered nurse,,,,,http://snomed.info/sct,722165004,Nursing,,,,,,glennie-heights-public-hospital,,,phone,0770103122,work,email,roger.rowland@glennieheightph.example.com.au,work,,,,,,,,,,,,,
registerednurses-sinclair-forrest,,,UPIN,,Medicare Provider Number,http://ns.electronichealth.net.au/id/medicare-provider-number,2448441B,,EI,Employee number,Employee Number,http://ns.electronichealth.net.au/id/hpio-scoped/service-provider-individual/1.0/8003626566706869,EMP79232379,Barney View Private Hospital,,,,sinclair-forrest,,,barney-view-private-hospital,http://www.abs.gov.au/ausstats/abs@.nsf/mf/1220.0,254499,Registered Nurses nec,,,,,,,,http://snomed.info/sct,722165004,Nursing,,,,,,barney-view-private-hospital,,,phone,0770109646,work,email,forrest.sinclair@barneyviewph.example.net,work,,,,,,,,,,,,,
registerednurses-egan-shae,,,UPIN,,Medicare Provider Number,http://ns.electronichealth.net.au/id/medicare-provider-number,2448451A,,,,,,,,,,,egan-shae,,,elimbah-medical-centre,http://www.abs.gov.au/ausstats/abs@.nsf/mf/1220.0,254499,Registered Nurses nec,http://snomed.info/sct,224535009,Registered nurse,,,,,http://snomed.info/sct,722165004,Nursing,,,,,,elimbah-medical-centre,,,phone,0770101533,work,email,shae.egan@elimbahmedicalcentre.example.com.au,work,,,,,,,,,,,,,
registerednurses-morton-eric,,,UPIN,,Medicare Provider Number,http://ns.electronichealth.net.au/id/medicare-provider-number,2448461Y,,,,,,,,,,,morton-eric,,,loch-lomond-medical-clinic,http://www.abs.gov.au/ausstats/abs@.nsf/mf/1220.0,254499,Registered Nurses nec,http://snomed.info/sct,224535009,Registered nurse,,,,,http://snomed.info/sct,722165004,Nursing,,,,,,loch-lomond-medical-clinic,,,phone,0770105958,work,email,eric.morton@lochlomondmc.example.net,work,,,,,,,,,,,,,
registerednurses-lamerton-buck,,,UPIN,,Medicare Provider Number,http://ns.electronichealth.net.au/id/medicare-provider-number,2448471X,,,,,,,,,,,lamerton-buck,,,southedge-practice,http://www.abs.gov.au/ausstats/abs@.nsf/mf/1220.0,254499,Registered Nurses nec,http://snomed.info/sct,224535009,Registered nurse,,,,,http://snomed.info/sct,722165004,Nursing,,,,,,southedge-practice,,,phone,0770104404,work,email,buck.lamerton@southedgepractice.example.com.au,work,,,,,,,,,,,,,
medicaldiagnostic-ellis-kylee,,,UPIN,,Medicare Provider Number,http://ns.electronichealth.net.au/id/medicare-provider-number,2448481W,,,,,,,,,,,ellis-kylee,,,,http://www.abs.gov.au/ausstats/abs@.nsf/mf/1220.0,251211,Medical Diagnostic Radiographer,,,,,,,,,,,,,,,,,,,phone,0770101670,work,email,kylee.ellis@example.net,work,,,,,,,,,,,,,
diagnostic-berry-millicent,,,UPIN,,Medicare Provider Number,http://ns.electronichealth.net.au/id/medicare-provider-number,2448491T,,,,,,,,,,,berry-millicent,,,berat-radiology,http://www.abs.gov.au/ausstats/abs@.nsf/mf/1220.0,253917,Diagnostic and Interventional Radiologist,,,,,,,,http://snomed.info/sct,408455009,Interventional radiology - speciality,,,,,,berat-radiology,,,phone,0770101865,work,email,millicent.berry@beratradiology.example.com.au,work,,,,,,,,,,,,,
diagnostic-mclaughlin-kimberlee,,,UPIN,,Medicare Provider Number,http://ns.electronichealth.net.au/id/medicare-provider-number,2448501H,,,,,,,,,,,mclaughlin-kimberlee,,,mount-charlton-radiology,http://www.abs.gov.au/ausstats/abs@.nsf/mf/1220.0,253917,Diagnostic and Interventional Radiologist,,,,,,,,http://snomed.info/sct,408455009,Interventional radiology - speciality,,,,,,mount-charlton-radiology,,,phone,0770107257,work,email,kimberlee.mclaughlin@mouncharltonradiology.example.net,work,,,,,,,,,,,,,
surgeongeneral-marchant-ricki,,,UPIN,,Medicare Provider Number,http://ns.electronichealth.net.au/id/medicare-provider-number,2448511F,,,,,,,,,,,marchant-ricki,,,glennie-heights-public-hospital,http://www.abs.gov.au/ausstats/abs@.nsf/mf/1220.0,253511,Surgeon (General),,,,,,,,http://snomed.info/sct,394609007,General surgery,,,,,,glennie-heights-public-hospital,,,phone,0770105532,work,email,ricki.marchant@glennieheightph.example.com.au,work,,,,,,,,,,,,,
surgeongeneral-armstrong-amada,,,UPIN,,Medicare Provider Number,http://ns.electronichealth.net.au/id/medicare-provider-number,2448521B,,,,,,,,,,,armstrong-amada,,,barney-view-private-hospital,http://www.abs.gov.au/ausstats/abs@.nsf/mf/1220.0,253511,Surgeon (General),http://snomed.info/sct,78703002,General surgeon,,,,,http://snomed.info/sct,394609007,General surgery,,,,,,barney-view-private-hospital,,,phone,0770109893,work,email,amada.armstrong@barneyviewph.example.net,work,,,,,,,,,,,,,
acupuncturist-macnab-adam,,,UPIN,,Medicare Provider Number,http://ns.electronichealth.net.au/id/medicare-provider-number,2448531A,,,,,,,,,,,macnab-adam,,,,http://www.abs.gov.au/ausstats/abs@.nsf/mf/1220.0,252211,Acupuncturist,,,,,,,,,,,,,,,,,,,phone,0770108427,work,email,adam.macnab@example.com.au,work,,,,,,,,,,,,,
chiropractor-gore-jess,,,UPIN,,Medicare Provider Number,http://ns.electronichealth.net.au/id/medicare-provider-number,2448541Y,,,,,,,,,,,gore-jess,,,,http://www.abs.gov.au/ausstats/abs@.nsf/mf/1220.0,252111,Chiropractor,,,,,,,,,,,,,,,,,,,phone,0770108155,work,email,jess.gore@example.net,work,,,,,,,,,,,,,
dietitian-kelly-virginia,,,UPIN,,Medicare Provider Number,http://ns.electronichealth.net.au/id/medicare-provider-number,2448551X,,,,,,,,,,,kelly-virginia,,,,http://www.abs.gov.au/ausstats/abs@.nsf/mf/1220.0,251111,Dietitian,http://snomed.info/sct,159033005,Dietitian,,,,,http://snomed.info/sct,722164000,Dietetics and nutrition,,,,,,,,,phone,0770106486,work,email,virginia.kelly@example.com,work,,,,,,,,,,,,,
dentalhygienist-handley-megan,,,UPIN,,Medicare Provider Number,http://ns.electronichealth.net.au/id/medicare-provider-number,2448561W,,,,,,,,,,,handley-megan,,,,http://www.abs.gov.au/ausstats/abs@.nsf/mf/1220.0,411211,Dental Hygienist,http://snomed.info/sct,26042002,Dental hygienist,,,,,,,,,,,,,,,,phone,0770107283,work,email,megan.handley@example.com.au,work,,,,,,,,,,,,,
specialistphysicians-swanborough-erick,,,UPIN,,Medicare Provider Number,http://ns.electronichealth.net.au/id/medicare-provider-number,2448571T,,,,,,,,,,,swanborough-erick,,,,http://www.abs.gov.au/ausstats/abs@.nsf/mf/1220.0,253399,Specialist Physicians nec,,,,,,,Clinical Immunologist,http://snomed.info/sct,408480009,Clinical immunology,,,,,,,,,phone,0770102054,work,email,erick.swanborough@example.net,work,,,,,,,,,,,,,
nuclearmedicine-hamel-denice,,,UPIN,,Medicare Provider Number,http://ns.electronichealth.net.au/id/medicare-provider-number,2448581L,,,,,,,,,,,hamel-denice,,,,http://www.abs.gov.au/ausstats/abs@.nsf/mf/1220.0,251213,Nuclear Medicine Technologist,http://snomed.info/sct,1256114007,Nuclear medicine technologist,,,,,,,,,,,,,,,,phone,0770106313,work,email,denice.hamel@example.com,work,,,,,,,,,,,,,
ambulanceofficer-gilmore-dane,,,UPIN,,Medicare Provider Number,http://ns.electronichealth.net.au/id/medicare-provider-number,2448591K,,,,,,,,,,,gilmore-dane,,,,http://www.abs.gov.au/ausstats/abs@.nsf/mf/1220.0,411111,Ambulance Officer,http://snomed.info/sct,397897005,Paramedic,,,,,,,,,,,,,,,,phone,0770107575,work,email,dane.gilmore@example.com.au,work,,,,,,,,,,,,,
plastic-crowley-pablo,,,UPIN,,Medicare Provider Number,http://ns.electronichealth.net.au/id/medicare-provider-number,2448601B,,,,,,,,,,,crowley-pablo,,,,http://www.abs.gov.au/ausstats/abs@.nsf/mf/1220.0,253517,Plastic and Reconstructive Surgeon,http://snomed.info/sct,8724009,Plastic surgeon,,,,,http://snomed.info/sct,394611003,Plastic surgery - speciality,,,,,,,,,phone,0770101509,work,email,pablo.crowley@example.net,work,,,,,,,,,,,,,
psychiatrist-macnab-gregory,,,UPIN,,Medicare Provider Number,http://ns.electronichealth.net.au/id/medicare-provider-number,2448611A,,,,,,,,,,,macnab-gregory,,,,http://www.abs.gov.au/ausstats/abs@.nsf/mf/1220.0,253411,Psychiatrist,http://snomed.info/sct,80584001,Psychiatrist,,,,,http://snomed.info/sct,394587001,Psychiatry,,,,,,,,,phone,0770104689,work,email,gregory.macnab@example.com,work,,,,,,,,,,,,,
speechpathologist-stapleton-carole,,,UPIN,,Medicare Provider Number,http://ns.electronichealth.net.au/id/medicare-provider-number,2448621Y,,,,,,,,,,,stapleton-carole,,,,http://www.abs.gov.au/ausstats/abs@.nsf/mf/1220.0,252712,Speech Pathologist (Aus) \ Speech Language Therapist (NZ),http://snomed.info/sct,159026005,Speech pathologist,,,,,,,,,,,,,,,,phone,0770107574,work,email,carole.stapleton@example.com.au,work,,,,,,,,,,,,,
registerednurses-taylor-kittie,,,UPIN,,Medicare Provider Number,http://ns.electronichealth.net.au/id/medicare-provider-number,2448631X,,,,,,,,,,,taylor-kittie,,,wallendbeen-aged-care,http://www.abs.gov.au/ausstats/abs@.nsf/mf/1220.0,254499,Registered Nurses nec,,,,,,,,http://snomed.info/sct,722165004,Nursing,,,,,,wallendbeen-aged-care,,,phone,0270103267,work,email,kittie.taylor@wallendbeenagedcare.example.net,work,,,,,,,,,,,,,
cardiothoracicsurgeon-bryan-linsey,,,UPIN,,Medicare Provider Number,http://ns.electronichealth.net.au/id/medicare-provider-number,2448641W,,,,,,,,,,,bryan-linsey,,,,http://www.abs.gov.au/ausstats/abs@.nsf/mf/1220.0,253512,Cardiothoracic Surgeon,http://snomed.info/sct,309369000,Cardiothoracic surgeon,,,,,http://snomed.info/sct,394603008,Cardiothoracic surgery,,,,,,,,,phone,0270107661,work,email,linsey.bryan@example.net,work,,,,,,,,,,,,,
emergencymedicine-gilmour-damon,,,UPIN,,Medicare Provider Number,http://ns.electronichealth.net.au/id/medicare-provider-number,2448651T,,,,,,,,,,,gilmour-damon,,,dubbo-emergency,http://www.abs.gov.au/ausstats/abs@.nsf/mf/1220.0,253912,Emergency Medicine Specialist,,,,,,,,http://snomed.info/sct,773568002,Emergency medicine,,,,,,dubbo-emergency,,,phone,0270103199,work,email,damon.gilmour@dubboemergency.example.net,work,,,,,,,,,,,,,
endocrinologist-cruickshank-bryce,,,UPIN,,Medicare Provider Number,http://ns.electronichealth.net.au/id/medicare-provider-number,2448661L,,,,,,,,,,,cruickshank-bryce,,,,http://www.abs.gov.au/ausstats/abs@.nsf/mf/1220.0,253315,Endocrinologist,,,,,,,,http://snomed.info/sct,394583002,Endocrinology,,,,,,,,,phone,0270108515,work,email,bryce.cruickshank@example.com.au,work,,,,,,,,,,,,,
generalpractitioner-lowe-abe,,,UPIN,,Medicare Provider Number,http://ns.electronichealth.net.au/id/medicare-provider-number,2448671K,,,,,,,,,,,lowe-abe,,,mossy-point-medical-centre,http://www.abs.gov.au/ausstats/abs@.nsf/mf/1220.0,253111,General Practitioner,http://snomed.info/sct,62247001,"General practitioner	",,,,,http://snomed.info/sct,408443003,General medical practice,,,,,,mossy-point-medical-centre,,,phone,0270102315,work,email,abe.lowe@mossypointmc.example.net,work,,,,,,,,,,,,,
generalpractitioner-burrows-ginger,,,UPIN,,Medicare Provider Number,http://ns.electronichealth.net.au/id/medicare-provider-number,2448681J,,,,,,,,,,,burrows-ginger,,,bungabbee-medical-clinic,http://www.abs.gov.au/ausstats/abs@.nsf/mf/1220.0,253111,General Practitioner,http://snomed.info/sct,62247001,"General practitioner	",,,,,http://snomed.info/sct,408443003,General medical practice,,,,,,bungabbee-medical-clinic,,,phone,0270105673,work,email,ginger.burrows@bungabbeemc.example.com.au,work,,,,,,,,,,,,,
medicaloncologist-sheppard-mathew,,,UPIN,,Medicare Provider Number,http://ns.electronichealth.net.au/id/medicare-provider-number,2448691H,,,,,,,,,,,sheppard-mathew,,,,http://www.abs.gov.au/ausstats/abs@.nsf/mf/1220.0,253314,Medical Oncologist,,,,,,,,http://snomed.info/sct,394593009,Medical oncology,,,,,,,,,phone,0270106089,work,email,mathew.sheppard@example.com.au,work,,,,,,,,,,,,,
midwife-browne-wilfred,,,UPIN,,Medicare Provider Number,http://ns.electronichealth.net.au/id/medicare-provider-number,2448701Y,,,,,,,,,,,browne-wilfred,,,,http://www.abs.gov.au/ausstats/abs@.nsf/mf/1220.0,254111,Midwife,http://snomed.info/sct,309453006,Registered midwife,,,,,http://snomed.info/sct,1287784006,Obstetric nursing,,,,,,,,,phone,0270106637,work,email,wilfred.browne@example.net,work,,,,,,,,,,,,,
nursepractitioner-gartshore-indira,,,UPIN,,Medicare Provider Number,http://ns.electronichealth.net.au/id/medicare-provider-number,2448711X,,,,,,,,,,,gartshore-indira,,,wallendbeen-aged-care,http://www.abs.gov.au/ausstats/abs@.nsf/mf/1220.0,254411,Nurse Practitioner,,,,,,,,http://snomed.info/sct,722165004,Nursing,,,,,,wallendbeen-aged-care,,,phone,0270107743,work,email,indira.gartshore@wallendbeenagedcare.example.net,work,,,,,,,,,,,,,
nursepractitioner-simons-reggie,,,UPIN,,Medicare Provider Number,http://ns.electronichealth.net.au/id/medicare-provider-number,2448721W,,,,,,,,,,,simons-reggie,,,kensington-public-hospital,http://www.abs.gov.au/ausstats/abs@.nsf/mf/1220.0,254411,Nurse Practitioner,,,,,,,,http://snomed.info/sct,722165004,Nursing,,,,,,kensington-public-hospital,,,phone,0270101397,work,email,reggie.simons@kensingtonph.example.net,work,,,,,,,,,,,,,
nursepractitioner-munro-rose,,,UPIN,,Medicare Provider Number,http://ns.electronichealth.net.au/id/medicare-provider-number,2448731T,,,,,,,,,,,munro-rose,,,mount-mitchell-private-hospital,http://www.abs.gov.au/ausstats/abs@.nsf/mf/1220.0,254411,Nurse Practitioner,,,,,,,,http://snomed.info/sct,722165004,Nursing,,,,,,mount-mitchell-private-hospital,,,phone,0270105704,work,email,rose.munro@mountmitchellph.example.com.au,work,,,,,,,,,,,,,
paediatrician-leishman-leesa,,,UPIN,,Medicare Provider Number,http://ns.electronichealth.net.au/id/medicare-provider-number,2448741L,,,,,,,,,,,leishman-leesa,,,,http://www.abs.gov.au/ausstats/abs@.nsf/mf/1220.0,253321,Paediatrician,,,,,,,,http://snomed.info/sct,24251000087109,General paediatric specialty,,,,,,,,,phone,0270102759,work,email,leesa.leishman@example.com,work,,,,,,,,,,,,,
pathologist-pratley-philomena,,,UPIN,,Medicare Provider Number,http://ns.electronichealth.net.au/id/medicare-provider-number,2448751K,,,,,,,,,,,pratley-philomena,,,pullabooka-pathology,http://www.abs.gov.au/ausstats/abs@.nsf/mf/1220.0,253915,Pathologist,,,,,,,,http://snomed.info/sct,394595002,Pathology,,,,,,pullabooka-pathology,,,phone,0270103788,work,email,philomena.pratley@reception@pullabookapathology.example.net,work,,,,,,,,,,,,,
pathologist-clarke-malcolm,,,UPIN,,Medicare Provider Number,http://ns.electronichealth.net.au/id/medicare-provider-number,2448761J,,,,,,,,,,,clarke-malcolm,,,higher-macdonald-pathology,http://www.abs.gov.au/ausstats/abs@.nsf/mf/1220.0,253915,Pathologist,,,,,,,,http://snomed.info/sct,394595002,Pathology,,,,,,higher-macdonald-pathology,,,phone,0270109091,work,email,malcolm.clarke@highermacdonaldpathology.example.com.au,work,,,,,,,,,,,,,
retailpharmacist-cane-elden,,,UPIN,,Medicare Provider Number,http://ns.electronichealth.net.au/id/medicare-provider-number,2448771H,,,,,,,,,,,cane-elden,,,lilydale-pharmacy,http://www.abs.gov.au/ausstats/abs@.nsf/mf/1220.0,251513,Retail Pharmacist,,,,,,,,http://snomed.info/sct,1268907002,Community pharmacy,,,,,,lilydale-pharmacy,,,phone,0270103304,work,email,elden.cane@lilydalepharmacy.example.net,work,,,,,,,,,,,,,
retailpharmacist-peterson-megan,,,UPIN,,Medicare Provider Number,http://ns.electronichealth.net.au/id/medicare-provider-number,2448781F,,,,,,,,,,,peterson-megan,,,appin-pharmacy,http://www.abs.gov.au/ausstats/abs@.nsf/mf/1220.0,251513,Retail Pharmacist,,,,,,,,http://snomed.info/sct,1268907002,Community pharmacy,,,,,,appin-pharmacy,,,phone,0270104346,work,email,megan.peterson@appinpharmacy.example.com.au,work,,,,,,,,,,,,,
registerednurses-fraser-abbie,,,UPIN,,Medicare Provider Number,http://ns.electronichealth.net.au/id/medicare-provider-number,2448791B,,,,,,,,,,,fraser-abbie,,,wallendbeen-aged-care,http://www.abs.gov.au/ausstats/abs@.nsf/mf/1220.0,254499,Registered Nurses nec,,,,,,,,http://snomed.info/sct,722165004,Nursing,,,,,,wallendbeen-aged-care,,,phone,0270107486,work,email,abbie.fraser@wallendbeenagedcare.example.net,work,,,,,,,,,,,,,
registerednurses-shephard-lizabeth,,,UPIN,,Medicare Provider Number,http://ns.electronichealth.net.au/id/medicare-provider-number,2448801W,,,,,,,,,,,shephard-lizabeth,,,kensington-public-hospital,http://www.abs.gov.au/ausstats/abs@.nsf/mf/1220.0,254499,Registered Nurses nec,,,,,,,,http://snomed.info/sct,722165004,Nursing,,,,,,kensington-public-hospital,,,phone,0270105481,work,email,lizabeth.shephard@kensingtonph.example.net,work,,,,,,,,,,,,,
registerednurses-milgate-leisa,,,UPIN,,Medicare Provider Number,http://ns.electronichealth.net.au/id/medicare-provider-number,2448811T,,,,,,,,,,,milgate-leisa,,,mount-mitchell-private-hospital,http://www.abs.gov.au/ausstats/abs@.nsf/mf/1220.0,254499,Registered Nurses nec,,,,,,,,http://snomed.info/sct,722165004,Nursing,,,,,,mount-mitchell-private-hospital,,,phone,0270100010,work,email,leisa.milgate@mountmitchellph.example.com.au,work,,,,,,,,,,,,,
registerednurses-roberts-benjamin,,,UPIN,,Medicare Provider Number,http://ns.electronichealth.net.au/id/medicare-provider-number,2448821L,,,,,,,,,,,roberts-benjamin,,,mossy-point-medical-centre,http://www.abs.gov.au/ausstats/abs@.nsf/mf/1220.0,254499,Registered Nurses nec,,,,,,,,http://snomed.info/sct,722165004,Nursing,,,,,,mossy-point-medical-centre,,,phone,0270109517,work,email,benjamin.roberts@mossypointmc.example.net,work,,,,,,,,,,,,,
registerednurses-patrick-fletcher,,,UPIN,,Medicare Provider Number,http://ns.electronichealth.net.au/id/medicare-provider-number,2448831K,,,,,,,,,,,patrick-fletcher,,,bungabbee-medical-clinic,http://www.abs.gov.au/ausstats/abs@.nsf/mf/1220.0,254499,Registered Nurses nec,,,,,,,,http://snomed.info/sct,722165004,Nursing,,,,,,bungabbee-medical-clinic,,,phone,0270107085,work,email,fletcher.patrick@bungabbeemc.example.com.au,work,,,,,,,,,,,,,
medicaldiagnostic-tennant-carlyn,,,UPIN,,Medicare Provider Number,http://ns.electronichealth.net.au/id/medicare-provider-number,2448841J,,,,,,,,,,,tennant-carlyn,,,,http://www.abs.gov.au/ausstats/abs@.nsf/mf/1220.0,251211,Medical Diagnostic Radiographer,,,,,,,,,,,,,,,,,,,phone,0270102380,work,email,carlyn.tennant@example.com.au,work,,,,,,,,,,,,,
diagnostic-barrett-carey,,,UPIN,,Medicare Provider Number,http://ns.electronichealth.net.au/id/medicare-provider-number,2448851H,,,,,,,,,,,barrett-carey,,,frenchs-forest-east-radiology,http://www.abs.gov.au/ausstats/abs@.nsf/mf/1220.0,253917,Diagnostic and Interventional Radiologist,,,,,,,,http://snomed.info/sct,408455009,Interventional radiology - speciality,,,,,,frenchs-forest-east-radiology,,,phone,0270107743,work,email,carey.barrett@frenchsforesteastrd.example.net,work,,,,,,,,,,,,,
diagnostic-osborne-bonny,,,UPIN,,Medicare Provider Number,http://ns.electronichealth.net.au/id/medicare-provider-number,2448861F,,,,,,,,,,,osborne-bonny,,,fishermans-reach-radiology,http://www.abs.gov.au/ausstats/abs@.nsf/mf/1220.0,253917,Diagnostic and Interventional Radiologist,,,,,,,,http://snomed.info/sct,408455009,Interventional radiology - speciality,,,,,,fishermans-reach-radiology,,,phone,0270101620,work,email,bonny.osborne@fishermansreachrd.example.com.au,work,,,,,,,,,,,,,
surgeongeneral-mackenzie-cinda,,,UPIN,,Medicare Provider Number,http://ns.electronichealth.net.au/id/medicare-provider-number,2448871B,,,,,,,,,,,mackenzie-cinda,,,kensington-public-hospital,http://www.abs.gov.au/ausstats/abs@.nsf/mf/1220.0,253511,Surgeon (General),http://snomed.info/sct,78703002,General surgeon,,,,,http://snomed.info/sct,394609007,General surgery,,,,,,kensington-public-hospital,,,phone,0270102023,work,email,cinda.mackenzie@kensingtonph.example.net,work,,,,,,,,,,,,,
surgeongeneral-guthrie-daine,,,UPIN,,Medicare Provider Number,http://ns.electronichealth.net.au/id/medicare-provider-number,2448881A,,,,,,,,,,,guthrie-daine,,,mount-mitchell-private-hospital,http://www.abs.gov.au/ausstats/abs@.nsf/mf/1220.0,253511,Surgeon (General),http://snomed.info/sct,78703002,General surgeon,,,,,http://snomed.info/sct,394609007,General surgery,,,,,,mount-mitchell-private-hospital,,,phone,0270101609,work,email,daine.guthrie@mountmitchellph.example.com.au,work,,,,,,,,,,,,,
counsellorsnec-gorton-dante,,,UPIN,,Medicare Provider Number,http://ns.electronichealth.net.au/id/medicare-provider-number,2448891Y,,,,,,,,,,,gorton-dante,,,,http://www.abs.gov.au/ausstats/abs@.nsf/mf/1220.0,272199,Counsellors nec,http://snomed.info/sct,224595007,Professional counsellor,,,,,,,,,,,,,,,,phone,0270103284,work,email,dante.gorton@example.com,work,,,,,,,,,,,,,
dentaltherapist-street-dorian,,,UPIN,,Medicare Provider Number,http://ns.electronichealth.net.au/id/medicare-provider-number,2448901L,,,,,,,,,,,street-dorian,,,,http://www.abs.gov.au/ausstats/abs@.nsf/mf/1220.0,411214,Dental Therapist,http://snomed.info/sct,1032061000168104,Dental therapist,,,,,,,,,,,,,,,,phone,0270109572,work,email,dorian.street@example.com.au,work,,,,,,,,,,,,,
medicaldiagnostic-gates-glenda,,,UPIN,,Medicare Provider Number,http://ns.electronichealth.net.au/id/medicare-provider-number,2448911K,,,,,,,,,,,gates-glenda,,,,http://www.abs.gov.au/ausstats/abs@.nsf/mf/1220.0,251211,Medical Diagnostic Radiographer,http://snomed.info/sct,159017007,Diagnostic radiographer,,,,,,,,,,,,,,,,phone,0270107263,work,email,glenda.gates@example.net,work,,,,,,,,,,,,,
complementaryhealth-gordon-tad,,,UPIN,,Medicare Provider Number,http://ns.electronichealth.net.au/id/medicare-provider-number,2448921J,,,,,,,,,,,gordon-tad,,,,http://www.abs.gov.au/ausstats/abs@.nsf/mf/1220.0,252299,Complementary Health Therapists nec,,,,,,,Exercise Physiologist,http://snomed.info/sct,1240761000168106,Exercise physiology service,,,,,,,,,phone,0270106132,work,email,tad.gordon@example.com,work,,,,,,,,,,,,,
obstetrician-losch-sallie,,,UPIN,,Medicare Provider Number,http://ns.electronichealth.net.au/id/medicare-provider-number,2448931H,,,,,,,,,,,losch-sallie,,,,http://www.abs.gov.au/ausstats/abs@.nsf/mf/1220.0,253913,Obstetrician and Gynaecologist,http://snomed.info/sct,309367003,Obstetrician and gynaecologist,,,,,http://snomed.info/sct,394585009,Obstetrics and gynaecology,,,,,,,,,phone,0270104128,work,email,sallie.losch@example.com.au,work,,,,,,,,,,,,,
complementaryhealth-gilchrist-daniel,,,UPIN,,Medicare Provider Number,http://ns.electronichealth.net.au/id/medicare-provider-number,2448941F,,,,,,,,,,,gilchrist-daniel,,,,http://www.abs.gov.au/ausstats/abs@.nsf/mf/1220.0,252299,Complementary Health Therapists nec,,,,,,,Myotherapist,http://snomed.info/sct,1240771000168100,Myotherapy service,,,,,,,,,phone,0270108522,work,email,daniel.gilchrist@example.net,work,,,,,,,,,,,,,
nuclearmedicine-thorn-tonya,,,UPIN,,Medicare Provider Number,http://ns.electronichealth.net.au/id/medicare-provider-number,2448951B,,,,,,,,,,,thorn-tonya,,,,http://www.abs.gov.au/ausstats/abs@.nsf/mf/1220.0,251213,Nuclear Medicine Technologist,http://snomed.info/sct,1256114007,Nuclear medicine technologist,,,,,,,,,,,,,,,,phone,0270101851,work,email,tonya.thorn@example.com,work,,,,,,,,,,,,,
physiotherapist-parker-elijah,,,UPIN,,Medicare Provider Number,http://ns.electronichealth.net.au/id/medicare-provider-number,2448961A,,,,,,,,,,,parker-elijah,,,,http://www.abs.gov.au/ausstats/abs@.nsf/mf/1220.0,252511,Physiotherapist,http://snomed.info/sct,36682004,Physiotherapist,,,,,http://snomed.info/sct,722138006,Physiotherapy,,,,,,,,,phone,0270107993,work,email,elijah.parker@example.com.au,work,,,,,,,,,,,,,
ophthalmologist-jenkins-miranda,,,UPIN,,Medicare Provider Number,http://ns.electronichealth.net.au/id/medicare-provider-number,2448971Y,,,,,,,,,,,jenkins-miranda,,,,http://www.abs.gov.au/ausstats/abs@.nsf/mf/1220.0,253914,Ophthalmologist,http://snomed.info/sct,422234006,Ophthalmologist,,,,,http://snomed.info/sct,394594003,Ophthalmology,,,,,,,,,phone,0270109536,work,email,miranda.jenkins@example.net,work,,,,,,,,,,,,,
medicalradiation-fowler-christy,,,UPIN,,Medicare Provider Number,http://ns.electronichealth.net.au/id/medicare-provider-number,2448981X,,,,,,,,,,,fowler-christy,,,,http://www.abs.gov.au/ausstats/abs@.nsf/mf/1220.0,251212,Medical Radiation Therapist,http://snomed.info/sct,159018002,Radiotherapist,,,,,http://snomed.info/sct,419815003,Radiation oncology,,,,,,,,,phone,0270101357,work,email,christy.fowler@example.com,work,,,,,,,,,,,,,
registerednurses-ross-moses,,,UPIN,,Medicare Provider Number,http://ns.electronichealth.net.au/id/medicare-provider-number,2448991W,,,,,,,,,,,ross-moses,,,rowsley-aged-care,http://www.abs.gov.au/ausstats/abs@.nsf/mf/1220.0,254499,Registered Nurses nec,,,,,,,,http://snomed.info/sct,722165004,Nursing,,,,,,rowsley-aged-care,,,phone,0370106439,work,email,moses.ross@rowsleyagedcare.example.com.au,work,,,,,,,,,,,,,
cardiologist-sutherland-sallie,,,UPIN,,Medicare Provider Number,http://ns.electronichealth.net.au/id/medicare-provider-number,2449001X,,,,,,,,,,,sutherland-sallie,,,murrabit-public-hopsital,http://www.abs.gov.au/ausstats/abs@.nsf/mf/1220.0,253312,Cardiologist,,,,,,,,http://snomed.info/sct,394579002,Cardiology,,,,,,murrabit-public-hopsital,,,phone,0370102880,work,email,sallie.sutherland@murrabitph.example.com.au,work,,,,,,,,,,,,,
emergencymedicine-hickson-ngoc,,,UPIN,,Medicare Provider Number,http://ns.electronichealth.net.au/id/medicare-provider-number,2449011W,,,,,,,,,,,hickson-ngoc,,,mount-glasgow-emergency,http://www.abs.gov.au/ausstats/abs@.nsf/mf/1220.0,253912,Emergency Medicine Specialist,,,,,,,,http://snomed.info/sct,773568002,Emergency medicine,,,,,,mount-glasgow-emergency,,,phone,0370107540,work,email,ngoc.hickson@mountglasgowemergency.example.com.au,work,,,,,,,,,,,,,
generalpractitioner-moss-jaime,,,UPIN,,Medicare Provider Number,http://ns.electronichealth.net.au/id/medicare-provider-number,2449021T,,,,,,,,,,,moss-jaime,,,milnes-bridge-medical-centre,http://www.abs.gov.au/ausstats/abs@.nsf/mf/1220.0,253111,General Practitioner,,,,,,,,http://snomed.info/sct,408443003,General medical practice,,,,,,milnes-bridge-medical-centre,,,phone,0370102172,work,email,jaime.moss@milnesbridgemc.example.com.au,work,,,,,,,,,,,,,
generalpractitioner-lumb-mary,,,UPIN,,Medicare Provider Number,http://ns.electronichealth.net.au/id/medicare-provider-number,2449031L,,,,,,,,,,,lumb-mary,,,joyces-creek-medical-clinic,http://www.abs.gov.au/ausstats/abs@.nsf/mf/1220.0,253111,General Practitioner,,,,,,,,http://snomed.info/sct,408443003,General medical practice,,,,,,joyces-creek-medical-clinic,,,phone,0370105176,work,email,mary.lumb@joycescreekmc.example.net,work,,,,,,,,,,,,,
midwife-spiers-erich,,,UPIN,,Medicare Provider Number,http://ns.electronichealth.net.au/id/medicare-provider-number,2449041K,,,,,,,,,,,spiers-erich,,,,http://www.abs.gov.au/ausstats/abs@.nsf/mf/1220.0,254111,Midwife,http://snomed.info/sct,309453006,Registered midwife,,,,,http://snomed.info/sct,1287784006,Obstetric nursing,,,,,,,,,phone,0370104951,work,email,erich.spiers@example.net,work,,,,,,,,,,,,,
nursepractitioner-thorpe-mia,,,UPIN,,Medicare Provider Number,http://ns.electronichealth.net.au/id/medicare-provider-number,2449051J,,,,,,,,,,,thorpe-mia,,,rowsley-aged-care,http://www.abs.gov.au/ausstats/abs@.nsf/mf/1220.0,254411,Nurse Practitioner,,,,,,,,http://snomed.info/sct,722165004,Nursing,,,,,,rowsley-aged-care,,,phone,0370102785,work,email,mia.thorpe@rowsleyagedcare.example.com.au,work,,,,,,,,,,,,,
nursepractitioner-hilton-jaclyn,,,UPIN,,Medicare Provider Number,http://ns.electronichealth.net.au/id/medicare-provider-number,2449061H,,,,,,,,,,,hilton-jaclyn,,,murrabit-public-hopsital,http://www.abs.gov.au/ausstats/abs@.nsf/mf/1220.0,254411,Nurse Practitioner,,,,,,,,http://snomed.info/sct,722165004,Nursing,,,,,,murrabit-public-hopsital,,,phone,0370105916,work,email,jaclyn.hilton@murrabitph.example.com.au,work,,,,,,,,,,,,,
nursepractitioner-healy-damian,,,UPIN,,Medicare Provider Number,http://ns.electronichealth.net.au/id/medicare-provider-number,2449071F,,,,,,,,,,,healy-damian,,,wannon-private-hospital,http://www.abs.gov.au/ausstats/abs@.nsf/mf/1220.0,254411,Nurse Practitioner,,,,,,,,http://snomed.info/sct,722165004,Nursing,,,,,,wannon-private-hospital,,,phone,0370105863,work,email,damian.healy@wannonph.example.net,work,,,,,,,,,,,,,
paediatrician-corbett-clementine,,,UPIN,,Medicare Provider Number,http://ns.electronichealth.net.au/id/medicare-provider-number,2449081B,,,,,,,,,,,corbett-clementine,,,,http://www.abs.gov.au/ausstats/abs@.nsf/mf/1220.0,253321,Paediatrician,,,,,,,,http://snomed.info/sct,24251000087109,General paediatric specialty,,,,,,,,,phone,0370107840,work,email,clementine.corbett@example.com,work,,,,,,,,,,,,,
pathologist-hollands-beryl,,,UPIN,,Medicare Provider Number,http://ns.electronichealth.net.au/id/medicare-provider-number,2449091A,,,,,,,,,,,hollands-beryl,,,bridgewater-pathology,http://www.abs.gov.au/ausstats/abs@.nsf/mf/1220.0,253915,Pathologist,,,,,,,,http://snomed.info/sct,394595002,Pathology,,,,,,bridgewater-pathology,,,phone,0370109685,work,email,beryl.hollands@bridgewaterpathology.example.net,work,,,,,,,,,,,,,
pathologist-hart-clifton,,,UPIN,,Medicare Provider Number,http://ns.electronichealth.net.au/id/medicare-provider-number,2449101T,,,,,,,,,,,hart-clifton,,,trentham-pathology,http://www.abs.gov.au/ausstats/abs@.nsf/mf/1220.0,253915,Pathologist,,,,,,,,http://snomed.info/sct,394595002,Pathology,,,,,,trentham-pathology,,,phone,0370106223,work,email,clifton.hart@trenthampathology.example.net,work,,,,,,,,,,,,,
retailpharmacist-howell-natalia,,,UPIN,,Medicare Provider Number,http://ns.electronichealth.net.au/id/medicare-provider-number,2449111L,,,,,,,,,,,howell-natalia,,,pine-view-pharmacy,http://www.abs.gov.au/ausstats/abs@.nsf/mf/1220.0,251513,Retail Pharmacist,http://snomed.info/sct,159011008,"Community pharmacist	",,,,,http://snomed.info/sct,1268907002,Community pharmacy,,,,,,pine-view-pharmacy,,,phone,0370100469,work,email,natalia.howell@reception.pineviewpharmacy.example.com.au,work,,,,,,,,,,,,,
retailpharmacist-coughlin-tonda,,,UPIN,,Medicare Provider Number,http://ns.electronichealth.net.au/id/medicare-provider-number,2449121K,,,,,,,,,,,coughlin-tonda,,,launching-place-pharmacy,http://www.abs.gov.au/ausstats/abs@.nsf/mf/1220.0,251513,Retail Pharmacist,http://snomed.info/sct,159011008,"Community pharmacist	",,,,,http://snomed.info/sct,1268907002,Community pharmacy,,,,,,launching-place-pharmacy,,,phone,0370105078,work,email,tonda.coughlin@launchingplacepharmacy.example.net,work,,,,,,,,,,,,,
registerednurses-goodwin-aida,,,UPIN,,Medicare Provider Number,http://ns.electronichealth.net.au/id/medicare-provider-number,2449131J,,,,,,,,,,,goodwin-aida,,,rowsley-aged-care,http://www.abs.gov.au/ausstats/abs@.nsf/mf/1220.0,254499,Registered Nurses nec,,,,,,,,http://snomed.info/sct,722165004,Nursing,,,,,,rowsley-aged-care,,,phone,0370104445,work,email,aida.goodwin@rowsleyagedcare.example.com.au,work,,,,,,,,,,,,,
registerednurses-leech-darnell,,,UPIN,,Medicare Provider Number,http://ns.electronichealth.net.au/id/medicare-provider-number,2449141H,,,,,,,,,,,leech-darnell,,,murrabit-public-hopsital,http://www.abs.gov.au/ausstats/abs@.nsf/mf/1220.0,254499,Registered Nurses nec,,,,,,,,http://snomed.info/sct,722165004,Nursing,,,,,,murrabit-public-hopsital,,,phone,0370106250,work,email,darnell.leech@murrabitph.example.com.au,work,,,,,,,,,,,,,
registerednurses-chambers-greg,,,UPIN,,Medicare Provider Number,http://ns.electronichealth.net.au/id/medicare-provider-number,2449151F,,,,,,,,,,,chambers-greg,,,wannon-private-hospital,http://www.abs.gov.au/ausstats/abs@.nsf/mf/1220.0,254499,Registered Nurses nec,,,,,,,,http://snomed.info/sct,722165004,Nursing,,,,,,wannon-private-hospital,,,phone,0370100833,work,email,greg.chambers@wannonph.example.net,work,,,,,,,,,,,,,
registerednurses-shea-ingrid,,,UPIN,,Medicare Provider Number,http://ns.electronichealth.net.au/id/medicare-provider-number,2449161B,,,,,,,,,,,shea-ingrid,,,milnes-bridge-medical-centre,http://www.abs.gov.au/ausstats/abs@.nsf/mf/1220.0,254499,Registered Nurses nec,,,,,,,,http://snomed.info/sct,722165004,Nursing,,,,,,milnes-bridge-medical-centre,,,phone,0370106969,work,email,ingrid.shea@milnesbridgemc.example.com.au,work,,,,,,,,,,,,,
registerednurses-gidley-dee,,,UPIN,,Medicare Provider Number,http://ns.electronichealth.net.au/id/medicare-provider-number,2449171A,,,,,,,,,,,gidley-dee,,,joyces-creek-medical-clinic,http://www.abs.gov.au/ausstats/abs@.nsf/mf/1220.0,254499,Registered Nurses nec,,,,,,,,http://snomed.info/sct,722165004,Nursing,,,,,,joyces-creek-medical-clinic,,,phone,0370105357,work,email,dee.gidley@joycescreekmc.example.net,work,,,,,,,,,,,,,
medicaldiagnostic-short-miranda,,,UPIN,,Medicare Provider Number,http://ns.electronichealth.net.au/id/medicare-provider-number,2449181Y,,,,,,,,,,,short-miranda,,,,http://www.abs.gov.au/ausstats/abs@.nsf/mf/1220.0,251211,Medical Diagnostic Radiographer,,,,,,,,,,,,,,,,,,,phone,0370101194,work,email,miranda.short@example.com.au,work,,,,,,,,,,,,,
diagnostic-burdett-palmer,,,UPIN,,Medicare Provider Number,http://ns.electronichealth.net.au/id/medicare-provider-number,2449191X,,,,,,,,,,,burdett-palmer,,,douglas-radiology,http://www.abs.gov.au/ausstats/abs@.nsf/mf/1220.0,253917,Diagnostic and Interventional Radiologist,,,,,,,,http://snomed.info/sct,408455009,Interventional radiology - speciality,,,,,,douglas-radiology,,,phone,0370101180,work,email,palmer.burdett@douglasradiology.example.com.au,work,,,,,,,,,,,,,
diagnostic-mccarthy-kate,,,UPIN,,Medicare Provider Number,http://ns.electronichealth.net.au/id/medicare-provider-number,2449201K,,,,,,,,,,,mccarthy-kate,,,mckenzie-creek-radiology,http://www.abs.gov.au/ausstats/abs@.nsf/mf/1220.0,253917,Diagnostic and Interventional Radiologist,,,,,,,,http://snomed.info/sct,408455009,Interventional radiology - speciality,,,,,,mckenzie-creek-radiology,,,phone,0370108107,work,email,kate.mccarthy@mckenziecreekradiology.example.com.au,work,,,,,,,,,,,,,
surgeongeneral-fryer-chau,,,UPIN,,Medicare Provider Number,http://ns.electronichealth.net.au/id/medicare-provider-number,2449211J,,EI,Employee number,Employee Number,http://ns.electronichealth.net.au/id/hpio-scoped/service-provider-individual/1.0/8003626566706976,EMP79232999,Murrabit Public Hopsital,,,,fryer-chau,,,murrabit-public-hopsital,http://www.abs.gov.au/ausstats/abs@.nsf/mf/1220.0,253511,Surgeon (General),,,,,,,,http://snomed.info/sct,394609007,General surgery,,,,,,murrabit-public-hopsital,,,phone,0370108625,work,email,chau.fryer@murrabitph.example.com.au,work,,,,,,,,,,,,,
surgeongeneral-lamerton-betsy,,,UPIN,,Medicare Provider Number,http://ns.electronichealth.net.au/id/medicare-provider-number,2449221H,,,,,,,,,,,lamerton-betsy,,,wannon-private-hospital,http://www.abs.gov.au/ausstats/abs@.nsf/mf/1220.0,253511,Surgeon (General),,,,,,,,http://snomed.info/sct,394609007,General surgery,,,,,,wannon-private-hospital,,,phone,0370109715,work,email,betsy.lamerton@wannonph.example.net,work,,,,,,,,,,,,,
dentalpractitioner-quinn-aisha,,,UPIN,,Medicare Provider Number,http://ns.electronichealth.net.au/id/medicare-provider-number,2449231F,,,,,,,,,,,quinn-aisha,,,,http://www.abs.gov.au/ausstats/abs@.nsf/mf/1220.0,252312,Dental Practitioner,http://snomed.info/sct,106289002,Dentist,,,,,http://snomed.info/sct,722163006,Dentistry,,,,,,,,,phone,0370103567,work,email,aisha.quinn@example.com,work,,,,,,,,,,,,,
gastroenterologist-roche-louis,,,UPIN,,Medicare Provider Number,http://ns.electronichealth.net.au/id/medicare-provider-number,2449241B,,,,,,,,,,,roche-louis,,,,http://www.abs.gov.au/ausstats/abs@.nsf/mf/1220.0,253316,Gastroenterologist,http://snomed.info/sct,71838004,Gastroenterologist,,,,,http://snomed.info/sct,394584008,Gastroenterology,,,,,,,,,phone,0370107957,work,email,louis.roche@example.com.au,work,,,,,,,,,,,,,
diagnostic--chi,,,UPIN,,Medicare Provider Number,http://ns.electronichealth.net.au/id/medicare-provider-number,2449251A,,,,,,,,,,,-chi,,,,http://www.abs.gov.au/ausstats/abs@.nsf/mf/1220.0,253917,Diagnostic and Interventional Radiologist,,,,,,,Nuclear Medicine Specialist,http://snomed.info/sct,394649004,Nuclear medicine - speciality,,,,,,,,,phone,0370108366,work,email,chi.baldwin@example.net,work,,,,,,,,,,,,,
podiatrist-lavender-lavelle,,,UPIN,,Medicare Provider Number,http://ns.electronichealth.net.au/id/medicare-provider-number,2449261Y,,,,,,,,,,,lavender-lavelle,,,,http://www.abs.gov.au/ausstats/abs@.nsf/mf/1220.0,252611,Podiatrist,http://snomed.info/sct,159034004,Podiatrist,,,,,http://snomed.info/sct,722166003,Podiatry,,,,,,,,,phone,0370105723,work,email,lavelle.lavender@example.com,work,,,,,,,,,,,,,
osteopath-thompson-karly,,,UPIN,,Medicare Provider Number,http://ns.electronichealth.net.au/id/medicare-provider-number,2449271X,,,,,,,,,,,thompson-karly,,,,http://www.abs.gov.au/ausstats/abs@.nsf/mf/1220.0,252112,Osteopath,http://snomed.info/sct,76231001,Osteopath,,,,,http://snomed.info/sct,416304004,Osteopathic manipulative medicine,,,,,,,,,phone,0370105543,work,email,karly.thompson@example.com.au,work,,,,,,,,,,,,,
complementaryhealth-sheehan-ginger,,,UPIN,,Medicare Provider Number,http://ns.electronichealth.net.au/id/medicare-provider-number,2449281W,,,,,,,,,,,sheehan-ginger,,,,http://www.abs.gov.au/ausstats/abs@.nsf/mf/1220.0,252299,Complementary Health Therapists nec,,,,,,,Exercise Physiologist,http://snomed.info/sct,1240761000168106,Exercise physiology service,,,,,,,,,phone,0370105022,work,email,ginger.sheehan@example.net,work,,,,,,,,,,,,,
aboriginal-darcy-stella,,,UPIN,,Medicare Provider Number,http://ns.electronichealth.net.au/id/medicare-provider-number,2449291T,,,,,,,,,,,darcy-stella,,,balbarrup-practice,http://www.abs.gov.au/ausstats/abs@.nsf/mf/1220.0,411511,Aboriginal and Torres Strait Islander Health Worker,http://snomed.info/sct,826241000168109,Aboriginal and Torres Strait Islander health worker,,,,,,,,,,,,,balbarrup-practice,,,phone,0870104566,work,email,stella.d'arcy@balbarruppractice.example.net,work,,,,,,,,,,,,,
generalpractitioner-harding-diana,,,UPIN,,Medicare Provider Number,http://ns.electronichealth.net.au/id/medicare-provider-number,2449301H,,,,,,,,true,,,harding-diana,,,lake-wells-medical-practice,http://www.abs.gov.au/ausstats/abs@.nsf/mf/1220.0,253111,General Practitioner,,,,,,,,http://snomed.info/sct,408443003,General medical practice,,,,,,lake-wells-medical-practice,,,phone,0870109563,work,email,diana.harding@lakewellsmp.example.com.au,work,,,,,,,,,,,,,
generalpractitioner-jones-blanch,,,UPIN,,Medicare Provider Number,http://ns.electronichealth.net.au/id/medicare-provider-number,2449311F,,,,,,,,,,,jones-blanch,,,quinninup-medical-clinic,http://www.abs.gov.au/ausstats/abs@.nsf/mf/1220.0,253111,General Practitioner,,,,,,,,http://snomed.info/sct,408443003,General medical practice,,,,,,quinninup-medical-clinic,,,phone,0870109248,work,email,blanch.jones@quinninupmc.example.net,work,,,,,,,,,,,,,
midwife-markell-luke,,,UPIN,,Medicare Provider Number,http://ns.electronichealth.net.au/id/medicare-provider-number,2449321B,,,,,,,,,,,markell-luke,,,,http://www.abs.gov.au/ausstats/abs@.nsf/mf/1220.0,254111,Midwife,http://snomed.info/sct,309453006,Registered midwife,,,,,http://snomed.info/sct,1287784006,Obstetric nursing,,,,,,,,,phone,0870101944,work,email,luke.markell@example.com,work,,,,,,,,,,,,,
nursepractitioner-osmond-deadra,,,UPIN,,Medicare Provider Number,http://ns.electronichealth.net.au/id/medicare-provider-number,2449331A,,,,,,,,true,,,osmond-deadra,,,bunbury-public-hospital,http://www.abs.gov.au/ausstats/abs@.nsf/mf/1220.0,254411,Nurse Practitioner,,,,,,,,http://snomed.info/sct,722165004,Nursing,,,,,,bunbury-public-hospital,,,phone,0870104604,work,email,deadra.osmond@bunburyph.example.net,work,,,,,,,,,,,,,
nursepractitioner-gaynor-phil,,,UPIN,,Medicare Provider Number,http://ns.electronichealth.net.au/id/medicare-provider-number,2449341Y,,,,,,,,,,,gaynor-phil,,,morgantown-private-hospital,http://www.abs.gov.au/ausstats/abs@.nsf/mf/1220.0,254411,Nurse Practitioner,,,,,,,,http://snomed.info/sct,722165004,Nursing,,,,,,morgantown-private-hospital,,,phone,0870100972,work,email,phil.gaynor@morgantownph.example.com.au,work,,,,,,,,,,,,,
paediatrician-bowden-paula,,,UPIN,,Medicare Provider Number,http://ns.electronichealth.net.au/id/medicare-provider-number,2449351X,,,,,,,,,,,bowden-paula,,,,http://www.abs.gov.au/ausstats/abs@.nsf/mf/1220.0,253321,Paediatrician,,,,,,,,http://snomed.info/sct,24251000087109,General paediatric specialty,,,,,,,,,phone,0870106704,work,email,paula.bowden@example.com,work,,,,,,,,,,,,,
pathologist-khouri-stewart,,,UPIN,,Medicare Provider Number,http://ns.electronichealth.net.au/id/medicare-provider-number,2449361W,,,,,,,,,,,khouri-stewart,,,kununurra-pathology,http://www.abs.gov.au/ausstats/abs@.nsf/mf/1220.0,253915,Pathologist,,,,,,,,http://snomed.info/sct,394595002,Pathology,,,,,,kununurra-pathology,,,phone,0870100955,work,email,stewart.khouri@kununurrapathology.example.com.au,work,,,,,,,,,,,,,
retailpharmacist-mclennan-miguel,,,UPIN,,Medicare Provider Number,http://ns.electronichealth.net.au/id/medicare-provider-number,2449371T,,,,,,,,,,,mclennan-miguel,,,mcbeath-pharmacy,http://www.abs.gov.au/ausstats/abs@.nsf/mf/1220.0,251513,Retail Pharmacist,,,,,,,,http://snomed.info/sct,1268907002,Community pharmacy,,,,,,mcbeath-pharmacy,,,phone,0870101653,work,email,miguel.mclennan@mcbeathpharmacy.example.net,work,,,,,,,,,,,,,
registerednurses-dent-aldo,,,UPIN,,Medicare Provider Number,http://ns.electronichealth.net.au/id/medicare-provider-number,2449381L,,,,,,,,,,,dent-aldo,,,bunbury-public-hospital,http://www.abs.gov.au/ausstats/abs@.nsf/mf/1220.0,254499,Registered Nurses nec,,,,,,,,http://snomed.info/sct,722165004,Nursing,,,,,,bunbury-public-hospital,,,phone,0870107077,work,email,aldo.dent@bunburyph.example.net,work,,,,,,,,,,,,,
registerednurses-cooke-arthur,,,UPIN,,Medicare Provider Number,http://ns.electronichealth.net.au/id/medicare-provider-number,2449391K,,,,,,,,,,,cooke-arthur,,,morgantown-private-hospital,http://www.abs.gov.au/ausstats/abs@.nsf/mf/1220.0,254499,Registered Nurses nec,,,,,,,,http://snomed.info/sct,722165004,Nursing,,,,,,morgantown-private-hospital,,,phone,0870102901,work,email,arthur.cooke@morgantownph.example.com.au,work,,,,,,,,,,,,,
registerednurses-lumb-lovie,,,UPIN,,Medicare Provider Number,http://ns.electronichealth.net.au/id/medicare-provider-number,2449401B,,,,,,,,,,,lumb-lovie,,,lake-wells-medical-practice,http://www.abs.gov.au/ausstats/abs@.nsf/mf/1220.0,254499,Registered Nurses nec,,,,,,,,http://snomed.info/sct,722165004,Nursing,,,,,,lake-wells-medical-practice,,,phone,0870107705,work,email,lovie.lumb@lakewellsmp.example.com.au,work,,,,,,,,,,,,,
registerednurses-clare-evonne,,,UPIN,,Medicare Provider Number,http://ns.electronichealth.net.au/id/medicare-provider-number,2449411A,,,,,,,,,,,clare-evonne,,,quinninup-medical-clinic,http://www.abs.gov.au/ausstats/abs@.nsf/mf/1220.0,254499,Registered Nurses nec,,,,,,,,http://snomed.info/sct,722165004,Nursing,,,,,,quinninup-medical-clinic,,,phone,0870104737,work,email,evonne.clare@quinninupmc.example.net,work,,,,,,,,,,,,,
registerednurses-power-linda,,,UPIN,,Medicare Provider Number,http://ns.electronichealth.net.au/id/medicare-provider-number,2449421Y,,,,,,,,,,,power-linda,,,balbarrup-practice,http://www.abs.gov.au/ausstats/abs@.nsf/mf/1220.0,254499,Registered Nurses nec,,,,,,,,http://snomed.info/sct,722165004,Nursing,,,,,,balbarrup-practice,,,phone,0870106410,work,email,linda.power@balbarruppractice.example.net,work,,,,,,,,,,,,,
medicaldiagnostic-gilmore-ann,,,UPIN,,Medicare Provider Number,http://ns.electronichealth.net.au/id/medicare-provider-number,2449431X,,,,,,,,,,,gilmore-ann,,,,http://www.abs.gov.au/ausstats/abs@.nsf/mf/1220.0,251211,Medical Diagnostic Radiographer,,,,,,,,,,,,,,,,,,,phone,0870106137,work,email,ann.gilmore@example.net,work,,,,,,,,,,,,,
diagnostic-gidley-aubrey,,,UPIN,,Medicare Provider Number,http://ns.electronichealth.net.au/id/medicare-provider-number,2449441W,,,,,,,,,,,gidley-aubrey,,,koolanooka-radiology,http://www.abs.gov.au/ausstats/abs@.nsf/mf/1220.0,253917,Diagnostic and Interventional Radiologist,,,,,,,,http://snomed.info/sct,408455009,Interventional radiology - speciality,,,,,,koolanooka-radiology,,,phone,0870100011,work,email,aubrey.gidley@koolanookaradiology.example.net,work,,,,,,,,,,,,,
surgeongeneral-potter-lamar,,,UPIN,,Medicare Provider Number,http://ns.electronichealth.net.au/id/medicare-provider-number,2449451T,,,,,,,,,,,potter-lamar,,,bunbury-public-hospital,http://www.abs.gov.au/ausstats/abs@.nsf/mf/1220.0,253511,Surgeon (General),,,,,,,,http://snomed.info/sct,394609007,General surgery,,,,,,bunbury-public-hospital,,,phone,0870108363,work,email,lamar.potter@bunburyph.example.net,work,,,,,,,,,,,,,
surgeongeneral-brooksby-caterina,,,UPIN,,Medicare Provider Number,http://ns.electronichealth.net.au/id/medicare-provider-number,2449461L,,,,,,,,,,,brooksby-caterina,,,morgantown-private-hospital,http://www.abs.gov.au/ausstats/abs@.nsf/mf/1220.0,253511,Surgeon (General),,,,,,,,http://snomed.info/sct,394609007,General surgery,,,,,,morgantown-private-hospital,,,phone,0870104899,work,email,caterina.brooksby@morgantownph.example.com.au,work,,,,,,,,,,,,,
dermatologist-delaney-ned,,,UPIN,,Medicare Provider Number,http://ns.electronichealth.net.au/id/medicare-provider-number,2449471K,,,,,,,,,,,delaney-ned,,,,http://www.abs.gov.au/ausstats/abs@.nsf/mf/1220.0,253911,Dermatologist,http://snomed.info/sct,18803008,Dermatologist,,,,,,,,,,,,,,,,phone,0870106521,work,email,ned.delaney@example.com,work,,,,,,,,,,,,,
medicaldiagnostic-oritz-abbie,,,UPIN,,Medicare Provider Number,http://ns.electronichealth.net.au/id/medicare-provider-number,2449481J,,,,,,,,,,,oritz-abbie,,,,http://www.abs.gov.au/ausstats/abs@.nsf/mf/1220.0,251211,Medical Diagnostic Radiographer,http://snomed.info/sct,159017007,Diagnostic radiographer,,,,,,,,,,,,,,,,phone,0870107732,work,email,abbie.oritz@example.com.au,work,,,,,,,,,,,,,
gastroenterologist-miller-kittie,,,UPIN,,Medicare Provider Number,http://ns.electronichealth.net.au/id/medicare-provider-number,2449491H,,,,,,,,,,,miller-kittie,,,,http://www.abs.gov.au/ausstats/abs@.nsf/mf/1220.0,253316,Gastroenterologist,http://snomed.info/sct,71838004,Gastroenterologist,,,,,http://snomed.info/sct,394584008,Gastroenterology,,,,,,,,,phone,0870103863,work,email,kittie.miller@example.net,work,,,,,,,,,,,,,
medicalradiation-leeds-roger,,,UPIN,,Medicare Provider Number,http://ns.electronichealth.net.au/id/medicare-provider-number,2449501Y,,,,,,,,,,,leeds-roger,,,,http://www.abs.gov.au/ausstats/abs@.nsf/mf/1220.0,251212,Medical Radiation Therapist,http://snomed.info/sct,159018002,Radiotherapist,,,,,http://snomed.info/sct,419815003,Radiation oncology,,,,,,,,,phone,0870102607,work,email,roger.leeds@example.com,work,,,,,,,,,,,,,
clinicalpsychologist-mcnaughton-chante,,,UPIN,,Medicare Provider Number,http://ns.electronichealth.net.au/id/medicare-provider-number,2449511X,,,,,,,,,,,mcnaughton-chante,,,,http://www.abs.gov.au/ausstats/abs@.nsf/mf/1220.0,272311,Clinical Psychologist,http://snomed.info/sct,310191001,Clinical psychologist,,,,,http://snomed.info/sct,1255918004,"	Clinical psychology",,,,,,,,,phone,0870105668,work,email,chante.mcnaughton@example.com.au,work,,,,,,,,,,,,,
optometrist-coulter-rosalina,,,UPIN,,Medicare Provider Number,http://ns.electronichealth.net.au/id/medicare-provider-number,2449521W,,,,,,,,,,,coulter-rosalina,,,,http://www.abs.gov.au/ausstats/abs@.nsf/mf/1220.0,251411,Optometrist,http://snomed.info/sct,28229004,Optometrist,,,,,,,,,,,,,,,,phone,0870100576,work,email,rosalina.coulter@example.net,work,,,,,,,,,,,,,
specialistphysicians-hickman-sally,,,UPIN,,Medicare Provider Number,http://ns.electronichealth.net.au/id/medicare-provider-number,2449531T,,,,,,,,,,,hickman-sally,,,,http://www.abs.gov.au/ausstats/abs@.nsf/mf/1220.0,253399,Specialist Physicians nec,,,,,,,Sleep Medicine Specialist,http://snomed.info/sct,1136421000168109,Sleep medicine service,,,,,,,,,phone,0870109819,work,email,sally.hickman@example.com,work,,,,,,,,,,,,,
aboriginal-gillies-han,,,UPIN,,Medicare Provider Number,http://ns.electronichealth.net.au/id/medicare-provider-number,2449541L,,,,,,,,,,,gillies-han,,,annie-river-practice,http://www.abs.gov.au/ausstats/abs@.nsf/mf/1220.0,411511,Aboriginal and Torres Strait Islander Health Worker,http://snomed.info/sct,826241000168109,Aboriginal and Torres Strait Islander health worker,,,,,,,,,,,,,annie-river-practice,,,phone,0870102508,work,email,han.gillies@annieriverpractice.example.com.au,work,,,,,,,,,,,,,
generalpractitioner-guthrie-aaron,,,UPIN,,Medicare Provider Number,http://ns.electronichealth.net.au/id/medicare-provider-number,2449551K,,,,,,,,,,,guthrie-aaron,,,alice-springs-medical-practice,http://www.abs.gov.au/ausstats/abs@.nsf/mf/1220.0,253111,General Practitioner,,,,,,,,http://snomed.info/sct,408443003,General medical practice,,,,,,alice-springs-medical-practice,,,phone,0870103214,work,email,aaron.guthrie@alicespringsmp.example.com.au,work,,,,,,,,,,,,,
generalpractitioner-faint-darryl,,,UPIN,,Medicare Provider Number,http://ns.electronichealth.net.au/id/medicare-provider-number,2449561J,,,,,,,,,,,faint-darryl,,,cullen-bay-medical-clinic,http://www.abs.gov.au/ausstats/abs@.nsf/mf/1220.0,253111,General Practitioner,,,,,,,,http://snomed.info/sct,408443003,General medical practice,,,,,,cullen-bay-medical-clinic,,,phone,0870107546,work,email,darryl.faint@cullenbay.example.net,work,,,,,,,,,,,,,
midwife-bradley-lucrecia,,,UPIN,,Medicare Provider Number,http://ns.electronichealth.net.au/id/medicare-provider-number,2449571H,,,,,,,,,,,bradley-lucrecia,,,,http://www.abs.gov.au/ausstats/abs@.nsf/mf/1220.0,254111,Midwife,http://snomed.info/sct,309453006,Registered midwife,,,,,http://snomed.info/sct,1287784006,Obstetric nursing,,,,,,,,,phone,0870104427,work,email,lucrecia.bradley@example.com,work,,,,,,,,,,,,,
renalmedicine-mackay-darleen,,,UPIN,,Medicare Provider Number,http://ns.electronichealth.net.au/id/medicare-provider-number,2449581F,,,,,,,,,,,mackay-darleen,,,,http://www.abs.gov.au/ausstats/abs@.nsf/mf/1220.0,253322,Renal Medicine Specialist,,,,,,,,http://snomed.info/sct,394589003,Nephrology,,,,,,,,,phone,0870108018,work,email,darleen.mackay@example.com.au,work,,,,,,,,,,,,,
nursepractitioner-irvine-josephine,,,UPIN,,Medicare Provider Number,http://ns.electronichealth.net.au/id/medicare-provider-number,2449591B,,,,,,,,,,,irvine-josephine,,,pine-creek-public-hospital,http://www.abs.gov.au/ausstats/abs@.nsf/mf/1220.0,254411,Nurse Practitioner,,,,,,,,http://snomed.info/sct,722165004,Nursing,,,,,,pine-creek-public-hospital,,,phone,0870109422,work,email,josephine.irvine@pinecreekph.example.net,work,,,,,,,,,,,,,
nursepractitioner-perry-rebekah,,,UPIN,,Medicare Provider Number,http://ns.electronichealth.net.au/id/medicare-provider-number,2449601W,,,,,,,,,,,perry-rebekah,,,beswick-private-hospital,http://www.abs.gov.au/ausstats/abs@.nsf/mf/1220.0,254411,Nurse Practitioner,,,,,,,,http://snomed.info/sct,722165004,Nursing,,,,,,beswick-private-hospital,,,phone,0870100546,work,email,rebekah.perry@beswickph.example.com.au,work,,,,,,,,,,,,,
paediatrician-fischer-ahmed,,,UPIN,,Medicare Provider Number,http://ns.electronichealth.net.au/id/medicare-provider-number,2449611T,,,,,,,,,,,fischer-ahmed,,,,http://www.abs.gov.au/ausstats/abs@.nsf/mf/1220.0,253321,Paediatrician,,,,,,,,http://snomed.info/sct,24251000087109,General paediatric specialty,,,,,,,,,phone,0870103207,work,email,ahmed.fischer@example.com.au,work,,,,,,,,,,,,,
pathologist-gifford-cassidy,,,UPIN,,Medicare Provider Number,http://ns.electronichealth.net.au/id/medicare-provider-number,2449621L,,,,,,,,,,,gifford-cassidy,,,bayview-pathology,http://www.abs.gov.au/ausstats/abs@.nsf/mf/1220.0,253915,Pathologist,,,,,,,,http://snomed.info/sct,394595002,Pathology,,,,,,bayview-pathology,,,phone,0870107360,work,email,cassidy.gifford@bayviewpathology.example.com.au,work,,,,,,,,,,,,,
retailpharmacist-harding-clyde,,,UPIN,,Medicare Provider Number,http://ns.electronichealth.net.au/id/medicare-provider-number,2449631K,,,,,,,,,,,harding-clyde,,,ludmilla-pharmacy,http://www.abs.gov.au/ausstats/abs@.nsf/mf/1220.0,251513,Retail Pharmacist,,,,,,,,http://snomed.info/sct,1268907002,Community pharmacy,,,,,,ludmilla-pharmacy,,,phone,0870100513,work,email,clyde.harding@ludmillapharmacy.example.net,work,,,,,,,,,,,,,
registerednurses-bennett-amanda,,,UPIN,,Medicare Provider Number,http://ns.electronichealth.net.au/id/medicare-provider-number,2449641J,,,,,,,,,,,bennett-amanda,,,pine-creek-public-hospital,http://www.abs.gov.au/ausstats/abs@.nsf/mf/1220.0,254499,Registered Nurses nec,,,,,,,,http://snomed.info/sct,722165004,Nursing,,,,,,pine-creek-public-hospital,,,phone,0870103681,work,email,amanda.bennett@pinecreekph.example.net,work,,,,,,,,,,,,,
registerednurses-felmingham-marian,,,UPIN,,Medicare Provider Number,http://ns.electronichealth.net.au/id/medicare-provider-number,2449651H,,,,,,,,,,,felmingham-marian,,,beswick-private-hospital,http://www.abs.gov.au/ausstats/abs@.nsf/mf/1220.0,254499,Registered Nurses nec,,,,,,,,http://snomed.info/sct,722165004,Nursing,,,,,,beswick-private-hospital,,,phone,0870104595,work,email,marian.felmingham@beswickph.example.com.au,work,,,,,,,,,,,,,
registerednurses-martin-kirstie,,,UPIN,,Medicare Provider Number,http://ns.electronichealth.net.au/id/medicare-provider-number,2449661F,,,,,,,,,,,martin-kirstie,,,alice-springs-medical-practice,http://www.abs.gov.au/ausstats/abs@.nsf/mf/1220.0,254499,Registered Nurses nec,,,,,,,,http://snomed.info/sct,722165004,Nursing,,,,,,alice-springs-medical-practice,,,phone,0870101750,work,email,kirstie.martin@alicespringsmp.example.com.au,work,,,,,,,,,,,,,
registerednurses-mccormack-annamaria,,,UPIN,,Medicare Provider Number,http://ns.electronichealth.net.au/id/medicare-provider-number,2449671B,,,,,,,,,,,mccormack-annamaria,,,cullen-bay-medical-clinic,http://www.abs.gov.au/ausstats/abs@.nsf/mf/1220.0,254499,Registered Nurses nec,,,,,,,,http://snomed.info/sct,722165004,Nursing,,,,,,cullen-bay-medical-clinic,,,phone,0870102156,work,email,annamaria.mccormack@cullenbay.example.net,work,,,,,,,,,,,,,
registerednurses-craig-kenneth,,,UPIN,,Medicare Provider Number,http://ns.electronichealth.net.au/id/medicare-provider-number,2449681A,,,,,,,,,,,craig-kenneth,,,annie-river-practice,http://www.abs.gov.au/ausstats/abs@.nsf/mf/1220.0,254499,Registered Nurses nec,,,,,,,,http://snomed.info/sct,722165004,Nursing,,,,,,annie-river-practice,,,phone,0870109633,work,email,kenneth.craig@annieriverpractice.example.com.au,work,,,,,,,,,,,,,
medicaldiagnostic-coulter-francine,,,UPIN,,Medicare Provider Number,http://ns.electronichealth.net.au/id/medicare-provider-number,2449691Y,,,,,,,,,,,coulter-francine,,,,http://www.abs.gov.au/ausstats/abs@.nsf/mf/1220.0,251211,Medical Diagnostic Radiographer,,,,,,,,,,,,,,,,,,,phone,0870100086,work,email,francine.coulter@example.com,work,,,,,,,,,,,,,
diagnostic-gartshore-evelyn,,,UPIN,,Medicare Provider Number,http://ns.electronichealth.net.au/id/medicare-provider-number,2449701L,,,,,,,,,,,gartshore-evelyn,,,kaltukatjara-radiology,http://www.abs.gov.au/ausstats/abs@.nsf/mf/1220.0,253917,Diagnostic and Interventional Radiologist,,,,,,,,http://snomed.info/sct,408455009,Interventional radiology - speciality,,,,,,kaltukatjara-radiology,,,phone,0870107521,work,email,evelyn.gartshore@kaltukatjararadiology.example.net,work,,,,,,,,,,,,,
surgeongeneral-jenkins-elisabeth,,,UPIN,,Medicare Provider Number,http://ns.electronichealth.net.au/id/medicare-provider-number,2449711K,,,,,,,,,,,jenkins-elisabeth,,,pine-creek-public-hospital,http://www.abs.gov.au/ausstats/abs@.nsf/mf/1220.0,253511,Surgeon (General),,,,,,,,http://snomed.info/sct,394609007,General surgery,,,,,,pine-creek-public-hospital,,,phone,0870108784,work,email,elisabeth.jenkins@pinecreekph.example.net,work,,,,,,,,,,,,,
surgeongeneral-delaney-azzie,,,UPIN,,Medicare Provider Number,http://ns.electronichealth.net.au/id/medicare-provider-number,2449721J,,,,,,,,,,,delaney-azzie,,,beswick-private-hospital,http://www.abs.gov.au/ausstats/abs@.nsf/mf/1220.0,253511,Surgeon (General),,,,,,,,http://snomed.info/sct,394609007,General surgery,,,,,,beswick-private-hospital,,,phone,0870103019,work,email,azzie.delaney@beswickph.example.com.au,work,,,,,,,,,,,,,
counsellorsnec-polglase-belen,,,UPIN,,Medicare Provider Number,http://ns.electronichealth.net.au/id/medicare-provider-number,2449731H,,,,,,,,,,,polglase-belen,,,,http://www.abs.gov.au/ausstats/abs@.nsf/mf/1220.0,272199,Counsellors nec,http://snomed.info/sct,224595007,Professional counsellor,,,,,,,,,,,,,,,,phone,0870102934,work,email,belen.polglase@example.com.au,work,,,,,,,,,,,,,
complementaryhealth-lazzarini-frank,,,UPIN,,Medicare Provider Number,http://ns.electronichealth.net.au/id/medicare-provider-number,2449741F,,,,,,,,,,,lazzarini-frank,,,,http://www.abs.gov.au/ausstats/abs@.nsf/mf/1220.0,252299,Complementary Health Therapists nec,,,,,,,Exercise Physiologist,http://snomed.info/sct,1240761000168106,Exercise physiology service,,,,,,,,,phone,0870101203,work,email,frank.lazzarini@example.net,work,,,,,,,,,,,,,
ambulanceofficer-chalmers-shani,,,UPIN,,Medicare Provider Number,http://ns.electronichealth.net.au/id/medicare-provider-number,2449751B,,,,,,,,,,,chalmers-shani,,,,http://www.abs.gov.au/ausstats/abs@.nsf/mf/1220.0,411111,Ambulance Officer,http://snomed.info/sct,397897005,Paramedic,,,,,,,,,,,,,,,,phone,0870109383,work,email,shani.chalmers@example.com,work,,,,,,,,,,,,,
physiotherapist-darcy-alexandra,,,UPIN,,Medicare Provider Number,http://ns.electronichealth.net.au/id/medicare-provider-number,2449761A,,,,,,,,,,,darcy-alexandra,,,,http://www.abs.gov.au/ausstats/abs@.nsf/mf/1220.0,252511,Physiotherapist,http://snomed.info/sct,36682004,Physiotherapist,,,,,http://snomed.info/sct,722138006,Physiotherapy,,,,,,,,,phone,0870101063,work,email,alexandra.d'arcy@example.com.au,work,,,,,,,,,,,,,
clinicalpsychologist-fleming-helga,,,UPIN,,Medicare Provider Number,http://ns.electronichealth.net.au/id/medicare-provider-number,2449771Y,,,,,,,,,,,fleming-helga,,,,http://www.abs.gov.au/ausstats/abs@.nsf/mf/1220.0,272311,Clinical Psychologist,http://snomed.info/sct,310191001,Clinical psychologist,,,,,http://snomed.info/sct,1255918004,"	Clinical psychology",,,,,,,,,phone,0870102094,work,email,helga.fleming@example.net,work,,,,,,,,,,,,,
osteopath-cook-natalie,,,UPIN,,Medicare Provider Number,http://ns.electronichealth.net.au/id/medicare-provider-number,2449781X,,,,,,,,,,,cook-natalie,,,,http://www.abs.gov.au/ausstats/abs@.nsf/mf/1220.0,252112,Osteopath,http://snomed.info/sct,76231001,Osteopath,,,,,http://snomed.info/sct,416304004,Osteopathic manipulative medicine,,,,,,,,,phone,0870105413,work,email,natalie.cook@example.com,work,,,,,,,,,,,,,
generalpractitioner-packham-delores,,,UPIN,,Medicare Provider Number,http://ns.electronichealth.net.au/id/medicare-provider-number,2449791W,,,,,,,,,,,packham-delores,,,beltana-medical-practice,http://www.abs.gov.au/ausstats/abs@.nsf/mf/1220.0,253111,General Practitioner,,,,,,,,http://snomed.info/sct,408443003,General medical practice,,,,,,beltana-medical-practice,,,phone,0870107897,work,email,delores.packham@beltanamp.example.com.au,work,,,,,,,,,,,,,
midwife-thorn-brittany,,,UPIN,,Medicare Provider Number,http://ns.electronichealth.net.au/id/medicare-provider-number,2449801J,,,,,,,,,,,thorn-brittany,,,,http://www.abs.gov.au/ausstats/abs@.nsf/mf/1220.0,254111,Midwife,http://snomed.info/sct,309453006,Registered midwife,,,,,http://snomed.info/sct,1287784006,Obstetric nursing,,,,,,,,,phone,0870107643,work,email,brittany.thorn@example.com.au,work,,,,,,,,,,,,,
nursepractitioner-rowland-josh,,,UPIN,,Medicare Provider Number,http://ns.electronichealth.net.au/id/medicare-provider-number,2449811H,,,,,,,,,,,rowland-josh,,,leasingham-public-hospital,http://www.abs.gov.au/ausstats/abs@.nsf/mf/1220.0,254411,Nurse Practitioner,,,,,,,,http://snomed.info/sct,722165004,Nursing,,,,,,leasingham-public-hospital,,,phone,0870100668,work,email,josh.rowland@leasinghamph.example.net,work,,,,,,,,,,,,,
nursepractitioner-doyle-hana,,,UPIN,,Medicare Provider Number,http://ns.electronichealth.net.au/id/medicare-provider-number,2449821F,,,,,,,,,,,doyle-hana,,,yunta-private-hospital,http://www.abs.gov.au/ausstats/abs@.nsf/mf/1220.0,254411,Nurse Practitioner,,,,,,,,http://snomed.info/sct,722165004,Nursing,,,,,,yunta-private-hospital,,,phone,0870100489,work,email,hana.doyle@yuntaph.example.com.au,work,,,,,,,,,,,,,
paediatrician-ellison-shawn,,,UPIN,,Medicare Provider Number,http://ns.electronichealth.net.au/id/medicare-provider-number,2449831B,,,,,,,,,,,ellison-shawn,,,,http://www.abs.gov.au/ausstats/abs@.nsf/mf/1220.0,253321,Paediatrician,,,,,,,,http://snomed.info/sct,24251000087109,General paediatric specialty,,,,,,,,,phone,0870107614,work,email,shawn.ellison@example.com.au,work,,,,,,,,,,,,,
pathologist-dixon-astrid,,,UPIN,,Medicare Provider Number,http://ns.electronichealth.net.au/id/medicare-provider-number,2449841A,,,,,,,,,,,dixon-astrid,,,woodcroft-pathology,http://www.abs.gov.au/ausstats/abs@.nsf/mf/1220.0,253915,Pathologist,,,,,,,,http://snomed.info/sct,394595002,Pathology,,,,,,woodcroft-pathology,,,phone,0870100757,work,email,astrid.dixon@woodcroftpathology.example.net,work,,,,,,,,,,,,,
pathologist-hickson-eldora,,,UPIN,,Medicare Provider Number,http://ns.electronichealth.net.au/id/medicare-provider-number,2449851Y,,,,,,,,,,,hickson-eldora,,,wingfield-pathology,http://www.abs.gov.au/ausstats/abs@.nsf/mf/1220.0,253915,Pathologist,,,,,,,,http://snomed.info/sct,394595002,Pathology,,,,,,wingfield-pathology,,,phone,0870106652,work,email,eldora.hickson@wingfieldpathology.example.com.au,work,,,,,,,,,,,,,
retailpharmacist-newling-louis,,,UPIN,,Medicare Provider Number,http://ns.electronichealth.net.au/id/medicare-provider-number,2449861X,,,,,,,,,,,newling-louis,,,edwardstown-pharmacy,http://www.abs.gov.au/ausstats/abs@.nsf/mf/1220.0,251513,Retail Pharmacist,,,,,,,,http://snomed.info/sct,1268907002,Community pharmacy,,,,,,edwardstown-pharmacy,,,phone,0870105386,work,email,louis.newling@edwardstownpharmacy.example.net,work,,,,,,,,,,,,,
registerednurses-frankel-mary,,,UPIN,,Medicare Provider Number,http://ns.electronichealth.net.au/id/medicare-provider-number,2449871W,,,,,,,,,,,frankel-mary,,,leasingham-public-hospital,http://www.abs.gov.au/ausstats/abs@.nsf/mf/1220.0,254499,Registered Nurses nec,,,,,,,,http://snomed.info/sct,722165004,Nursing,,,,,,leasingham-public-hospital,,,phone,0870102241,work,email,mary.frankel@leasinghamph.example.net,work,,,,,,,,,,,,,
registerednurses-steele-clyde,,,UPIN,,Medicare Provider Number,http://ns.electronichealth.net.au/id/medicare-provider-number,2449881T,,,,,,,,,,,steele-clyde,,,yunta-private-hospital,http://www.abs.gov.au/ausstats/abs@.nsf/mf/1220.0,254499,Registered Nurses nec,,,,,,,,http://snomed.info/sct,722165004,Nursing,,,,,,yunta-private-hospital,,,phone,0870104979,work,email,clyde.steele@yuntaph.example.com.au,work,,,,,,,,,,,,,
registerednurses-pickford-lisa,,,UPIN,,Medicare Provider Number,http://ns.electronichealth.net.au/id/medicare-provider-number,2449891L,,,,,,,,,,,pickford-lisa,,,beltana-medical-practice,http://www.abs.gov.au/ausstats/abs@.nsf/mf/1220.0,254499,Registered Nurses nec,,,,,,,,http://snomed.info/sct,722165004,Nursing,,,,,,beltana-medical-practice,,,phone,0870101084,work,email,lisa.pickford@beltanamp.example.com.au,work,,,,,,,,,,,,,
medicaldiagnostic-elliott-eulah,,,UPIN,,Medicare Provider Number,http://ns.electronichealth.net.au/id/medicare-provider-number,2449901F,,,,,,,,,,,elliott-eulah,,,,http://www.abs.gov.au/ausstats/abs@.nsf/mf/1220.0,251211,Medical Diagnostic Radiographer,,,,,,,,,,,,,,,,,,,phone,0870105391,work,email,eulah.elliott@example.net,work,,,,,,,,,,,,,
diagnostic-parr-adelaide,,,UPIN,,Medicare Provider Number,http://ns.electronichealth.net.au/id/medicare-provider-number,2449911B,,,,,,,,,,,parr-adelaide,,,cape-jaffa-radiology,http://www.abs.gov.au/ausstats/abs@.nsf/mf/1220.0,253917,Diagnostic and Interventional Radiologist,,,,,,,,http://snomed.info/sct,408455009,Interventional radiology - speciality,,,,,,cape-jaffa-radiology,,,phone,0870103000,work,email,adelaide.parr@capejaffaradiology.example.net,work,,,,,,,,,,,,,
diagnostic-heaney-brock,,,UPIN,,Medicare Provider Number,http://ns.electronichealth.net.au/id/medicare-provider-number,2449921A,,,,,,,,,,,heaney-brock,,,back-valley-radiology,http://www.abs.gov.au/ausstats/abs@.nsf/mf/1220.0,253917,Diagnostic and Interventional Radiologist,,,,,,,,http://snomed.info/sct,408455009,Interventional radiology - speciality,,,,,,back-valley-radiology,,,phone,0870106736,work,email,brock.heaney@backvalleyradiology.example.com.au,work,,,,,,,,,,,,,
surgeongeneral-pratley-maynard,,,UPIN,,Medicare Provider Number,http://ns.electronichealth.net.au/id/medicare-provider-number,2449931Y,,,,,,,,,,,pratley-maynard,,,leasingham-public-hospital,http://www.abs.gov.au/ausstats/abs@.nsf/mf/1220.0,253511,Surgeon (General),,,,,,,,http://snomed.info/sct,394609007,General surgery,,,,,,leasingham-public-hospital,,,phone,0870108088,work,email,maynard.pratley@leasinghamph.example.net,work,,,,,,,,,,,,,
surgeongeneral-patrick-nancy,,,UPIN,,Medicare Provider Number,http://ns.electronichealth.net.au/id/medicare-provider-number,2449941X,,,,,,,,,,,patrick-nancy,,,yunta-private-hospital,http://www.abs.gov.au/ausstats/abs@.nsf/mf/1220.0,253511,Surgeon (General),,,,,,,,http://snomed.info/sct,394609007,General surgery,,,,,,yunta-private-hospital,,,phone,0870101753,work,email,nancy.patrick@yuntaph.example.com.au,work,,,,,,,,,,,,,
cardiothoracicsurgeon-mackee-sara,,,UPIN,,Medicare Provider Number,http://ns.electronichealth.net.au/id/medicare-provider-number,2449951W,,,,,,,,,,,mackee-sara,,,,http://www.abs.gov.au/ausstats/abs@.nsf/mf/1220.0,253512,Cardiothoracic Surgeon,,,,,,,,http://snomed.info/sct,394603008,Cardiothoracic surgery,,,,,,,,,phone,0870106339,work,email,sara.mackee@example.com.au,work,,,,,,,,,,,,,
dietitian-henderson-nelson,,,UPIN,,Medicare Provider Number,http://ns.electronichealth.net.au/id/medicare-provider-number,2449961T,,,,,,,,,,,henderson-nelson,,,,http://www.abs.gov.au/ausstats/abs@.nsf/mf/1220.0,251111,Dietitian,http://snomed.info/sct,159033005,Dietitian,,,,,http://snomed.info/sct,722164000,Dietetics and nutrition,,,,,,,,,phone,0870102519,work,email,nelson.henderson@example.net,work,,,,,,,,,,,,,
medicaldiagnostic-lavender-astrid,,,UPIN,,Medicare Provider Number,http://ns.electronichealth.net.au/id/medicare-provider-number,2449971L,,,,,,,,,,,lavender-astrid,,,,http://www.abs.gov.au/ausstats/abs@.nsf/mf/1220.0,251211,Medical Diagnostic Radiographer,,,,,,,,,,,,,,,,,,,phone,0870104324,work,email,astrid.lavender@example.com,work,,,,,,,,,,,,,
obstetrician-rogers-lorilee,,,UPIN,,Medicare Provider Number,http://ns.electronichealth.net.au/id/medicare-provider-number,2449981K,,,,,,,,,,,rogers-lorilee,,,,http://www.abs.gov.au/ausstats/abs@.nsf/mf/1220.0,253913,Obstetrician and Gynaecologist,,,,,,,,http://snomed.info/sct,394585009,Obstetrics and gynaecology,,,,,,,,,phone,0870102781,work,email,lorilee.rogers@example.com.au,work,,,,,,,,,,,,,
medicalradiation-odonnell-xuan,,,UPIN,,Medicare Provider Number,http://ns.electronichealth.net.au/id/medicare-provider-number,2449991J,,,,,,,,,,,odonnell-xuan,,,,http://www.abs.gov.au/ausstats/abs@.nsf/mf/1220.0,251212,Medical Radiation Therapist,,,,,,,,http://snomed.info/sct,419815003,Radiation oncology,,,,,,,,,phone,0870109559,work,email,xuan.o'donnell@example.net,work,,,,,,,,,,,,,
nuclearmedicine-hyde-cortez,,,UPIN,,Medicare Provider Number,http://ns.electronichealth.net.au/id/medicare-provider-number,2450001J,,,,,,,,,,,hyde-cortez,,,,http://www.abs.gov.au/ausstats/abs@.nsf/mf/1220.0,251213,Nuclear Medicine Technologist,,,,,,,,,,,,,,,,,,,phone,0870105630,work,email,cortez.hyde@example.com,work,,,,,,,,,,,,,
plastic-pye-dusty,,,UPIN,,Medicare Provider Number,http://ns.electronichealth.net.au/id/medicare-provider-number,2450011H,,,,,,,,,,,pye-dusty,,,,http://www.abs.gov.au/ausstats/abs@.nsf/mf/1220.0,253517,Plastic and Reconstructive Surgeon,,,,,,,,http://snomed.info/sct,394611003,Plastic surgery - speciality,,,,,,,,,phone,0870100564,work,email,dusty.pye@example.com.au,work,,,,,,,,,,,,,
generalpractitioner-moran-vincent,,,UPIN,,Medicare Provider Number,http://ns.electronichealth.net.au/id/medicare-provider-number,2450021F,,,,,,,,,,,moran-vincent,,,southport-medical-practice,http://www.abs.gov.au/ausstats/abs@.nsf/mf/1220.0,253111,General Practitioner,,,,,,,,http://snomed.info/sct,408443003,General medical practice,,,,,,southport-medical-practice,,,phone,0370107777,work,email,vincent.moran@southportmp.example.com.au,work,,,,,,,,,,,,,
midwife-dunkley-dante,,,UPIN,,Medicare Provider Number,http://ns.electronichealth.net.au/id/medicare-provider-number,2450031B,,,,,,,,,,,dunkley-dante,,,,http://www.abs.gov.au/ausstats/abs@.nsf/mf/1220.0,254111,Midwife,,,,,,,,http://snomed.info/sct,1287784006,Obstetric nursing,,,,,,,,,phone,0370101905,work,email,dante.dunkley@example.com.au,work,,,,,,,,,,,,,
nursepractitioner-mortenson-kerry,,,UPIN,,Medicare Provider Number,http://ns.electronichealth.net.au/id/medicare-provider-number,2450041A,,,,,,,,,,,mortenson-kerry,,,rosetta-public-hospital,http://www.abs.gov.au/ausstats/abs@.nsf/mf/1220.0,254411,Nurse Practitioner,,,,,,,,http://snomed.info/sct,722165004,Nursing,,,,,,rosetta-public-hospital,,,phone,0370100582,work,email,kerry.mortenson@rosettaph.example.net,work,,,,,,,,,,,,,
nursepractitioner-patten-annie,,,UPIN,,Medicare Provider Number,http://ns.electronichealth.net.au/id/medicare-provider-number,2450051Y,,,,,,,,,,,patten-annie,,,robigana-private-hospital,http://www.abs.gov.au/ausstats/abs@.nsf/mf/1220.0,254411,Nurse Practitioner,,,,,,,,http://snomed.info/sct,722165004,Nursing,,,,,,robigana-private-hospital,,,phone,0370108866,work,email,annie.patten@robiganaph.example.com.au,work,,,,,,,,,,,,,
paediatrician-rawlings-hong,,,UPIN,,Medicare Provider Number,http://ns.electronichealth.net.au/id/medicare-provider-number,2450061X,,,,,,,,,,,rawlings-hong,,,,http://www.abs.gov.au/ausstats/abs@.nsf/mf/1220.0,253321,Paediatrician,,,,,,,,http://snomed.info/sct,24251000087109,General paediatric specialty,,,,,,,,,phone,0370103401,work,email,hong.rawlings@example.com.au,work,,,,,,,,,,,,,
pathologist-emmett-wilhelmina,,,UPIN,,Medicare Provider Number,http://ns.electronichealth.net.au/id/medicare-provider-number,2450071W,,,,,,,,,,,emmett-wilhelmina,,,verona-sands-pathology,http://www.abs.gov.au/ausstats/abs@.nsf/mf/1220.0,253915,Pathologist,,,,,,,,http://snomed.info/sct,394595002,Pathology,,,,,,verona-sands-pathology,,,phone,0370105630,work,email,wilhelmina.emmett@veronasandspathology.example.com.au,work,,,,,,,,,,,,,
retailpharmacist-jolley-beulah,,,UPIN,,Medicare Provider Number,http://ns.electronichealth.net.au/id/medicare-provider-number,2450081T,,,,,,,,,,,jolley-beulah,,,launceston-pharmacy,http://www.abs.gov.au/ausstats/abs@.nsf/mf/1220.0,251513,Retail Pharmacist,,,,,,,,http://snomed.info/sct,1268907002,Community pharmacy,,,,,,launceston-pharmacy,,,phone,0370108601,work,email,beulah.jolley@launcestonpharmacy.example.net,work,,,,,,,,,,,,,
registerednurses-harvey-brooke,,,UPIN,,Medicare Provider Number,http://ns.electronichealth.net.au/id/medicare-provider-number,2450091L,,,,,,,,,,,harvey-brooke,,,rosetta-public-hospital,http://www.abs.gov.au/ausstats/abs@.nsf/mf/1220.0,254499,Registered Nurses nec,,,,,,,,http://snomed.info/sct,722165004,Nursing,,,,,,rosetta-public-hospital,,,phone,0370105935,work,email,brooke.harvey@rosettaph.example.net,work,,,,,,,,,,,,,
registerednurses-marchant-ivy,,,UPIN,,Medicare Provider Number,http://ns.electronichealth.net.au/id/medicare-provider-number,2450101F,,,,,,,,,,,marchant-ivy,,,robigana-private-hospital,http://www.abs.gov.au/ausstats/abs@.nsf/mf/1220.0,254499,Registered Nurses nec,,,,,,,,http://snomed.info/sct,722165004,Nursing,,,,,,robigana-private-hospital,,,phone,0370102502,work,email,ivy.marchant@robiganaph.example.com.au,work,,,,,,,,,,,,,
registerednurses-ellison-malinda,,,UPIN,,Medicare Provider Number,http://ns.electronichealth.net.au/id/medicare-provider-number,2450111B,,,,,,,,,,,ellison-malinda,,,southport-medical-practice,http://www.abs.gov.au/ausstats/abs@.nsf/mf/1220.0,254499,Registered Nurses nec,,,,,,,,http://snomed.info/sct,722165004,Nursing,,,,,,southport-medical-practice,,,phone,0370108678,work,email,malinda.ellison@southportmp.example.com.au,work,,,,,,,,,,,,,
medicaldiagnostic-goldsmith-melody,,,UPIN,,Medicare Provider Number,http://ns.electronichealth.net.au/id/medicare-provider-number,2450121A,,,,,,,,,,,goldsmith-melody,,,,http://www.abs.gov.au/ausstats/abs@.nsf/mf/1220.0,251211,Medical Diagnostic Radiographer,,,,,,,,,,,,,,,,,,,phone,0370100077,work,email,melody.goldsmith@example.com.au,work,,,,,,,,,,,,,
diagnostic-houston-katrina,,,UPIN,,Medicare Provider Number,http://ns.electronichealth.net.au/id/medicare-provider-number,2450131Y,,,,,,,,,,,houston-katrina,,,blumont-radiology,http://www.abs.gov.au/ausstats/abs@.nsf/mf/1220.0,253917,Diagnostic and Interventional Radiologist,,,,,,,,http://snomed.info/sct,408455009,Interventional radiology - speciality,,,,,,blumont-radiology,,,phone,0370106607,work,email,katrina.houston@blumontradiology.example.net,work,,,,,,,,,,,,,
surgeongeneral-burrows-tegan,,,UPIN,,Medicare Provider Number,http://ns.electronichealth.net.au/id/medicare-provider-number,2450141X,,,,,,,,,,,burrows-tegan,,,rosetta-public-hospital,http://www.abs.gov.au/ausstats/abs@.nsf/mf/1220.0,253511,Surgeon (General),,,,,,,,http://snomed.info/sct,394609007,General surgery,,,,,,rosetta-public-hospital,,,phone,0370101683,work,email,tegan.burrows@rosettaph.example.net,work,,,,,,,,,,,,,
surgeongeneral-mcguire-jesse,,,UPIN,,Medicare Provider Number,http://ns.electronichealth.net.au/id/medicare-provider-number,2450151W,,,,,,,,,,,mcguire-jesse,,,robigana-private-hospital,http://www.abs.gov.au/ausstats/abs@.nsf/mf/1220.0,253511,Surgeon (General),,,,,,,,http://snomed.info/sct,394609007,General surgery,,,,,,robigana-private-hospital,,,phone,0370103486,work,email,jesse.mcguire@robiganaph.example.com.au,work,,,,,,,,,,,,,
medicaldiagnostic-bates-rory,,,UPIN,,Medicare Provider Number,http://ns.electronichealth.net.au/id/medicare-provider-number,2450161T,,,,,,,,,,,bates-rory,,,,http://www.abs.gov.au/ausstats/abs@.nsf/mf/1220.0,251211,Medical Diagnostic Radiographer,http://snomed.info/sct,159017007,Diagnostic radiographer,,,,,,,,,,,,,,,,phone,0370109010,work,email,rory.bates@example.net,work,,,,,,,,,,,,,
specialistphysicians-turnbull-suk,,,UPIN,,Medicare Provider Number,http://ns.electronichealth.net.au/id/medicare-provider-number,2450171L,,,,,,,,,,,turnbull-suk,,,,http://www.abs.gov.au/ausstats/abs@.nsf/mf/1220.0,253399,Specialist Physicians nec,,,,,,,Clinical Immunologist,http://snomed.info/sct,408480009,Clinical immunology,,,,,,,,,phone,0370107054,work,email,suk.turnbull@example.com,work,,,,,,,,,,,,,
cardiologist-felmingham-emma,,,UPIN,,Medicare Provider Number,http://ns.electronichealth.net.au/id/medicare-provider-number,2450181K,,,,,,,,,,,felmingham-emma,,,,http://www.abs.gov.au/ausstats/abs@.nsf/mf/1220.0,253312,Cardiologist,http://snomed.info/sct,17561000,Cardiologist,,,,,http://snomed.info/sct,394579002,Cardiology,,,,,,,,,phone,0370100277,work,email,emma.felmingham@example.com.au,work,,,,,,,,,,,,,
diagnostic-beale-collette,,,UPIN,,Medicare Provider Number,http://ns.electronichealth.net.au/id/medicare-provider-number,2450191J,,,,,,,,,,,beale-collette,,,,http://www.abs.gov.au/ausstats/abs@.nsf/mf/1220.0,253917,Diagnostic and Interventional Radiologist,,,,,,,Nuclear Medicine Specialist,http://snomed.info/sct,394649004,Nuclear medicine - speciality,,,,,,,,,phone,0370100858,work,email,collette.beale@example.net,work,,,,,,,,,,,,,
ambulanceofficer-fletcher-dani,,,UPIN,,Medicare Provider Number,http://ns.electronichealth.net.au/id/medicare-provider-number,2450201A,,,,,,,,,,,fletcher-dani,,,,http://www.abs.gov.au/ausstats/abs@.nsf/mf/1220.0,411111,Ambulance Officer,http://snomed.info/sct,397897005,Paramedic,,,,,,,,,,,,,,,,phone,0370105425,work,email,dani.fletcher@example.com,work,,,,,,,,,,,,,
medicalradiation-coulter-lani,,,UPIN,,Medicare Provider Number,http://ns.electronichealth.net.au/id/medicare-provider-number,2450211Y,,,,,,,,,,,coulter-lani,,,,http://www.abs.gov.au/ausstats/abs@.nsf/mf/1220.0,251212,Medical Radiation Therapist,http://snomed.info/sct,159018002,Radiotherapist,,,,,http://snomed.info/sct,419815003,Radiation oncology,,,,,,,,,phone,0370109196,work,email,lani.coulter@example.com.au,work,,,,,,,,,,,,,
generalpractitioner-bishop-horace,,,UPIN,,Medicare Provider Number,http://ns.electronichealth.net.au/id/medicare-provider-number,2450221X,,,,,,,,,,,bishop-horace,,,ngunnawal-medical-practice,http://www.abs.gov.au/ausstats/abs@.nsf/mf/1220.0,253111,General Practitioner,,,,,,,,http://snomed.info/sct,408443003,General medical practice,,,,,,ngunnawal-medical-practice,,,phone,0270106288,work,email,horace.bishop@ngunnawalmp.example.net,work,,,,,,,,,,,,,
midwife-pollock-dinah,,,UPIN,,Medicare Provider Number,http://ns.electronichealth.net.au/id/medicare-provider-number,2450231W,,,,,,,,,,,pollock-dinah,,,,http://www.abs.gov.au/ausstats/abs@.nsf/mf/1220.0,254111,Midwife,,,,,,,,http://snomed.info/sct,1287784006,Obstetric nursing,,,,,,,,,phone,0270106105,work,email,dinah.pollock@example.net,work,,,,,,,,,,,,,
nursepractitioner-cohen-jamel,,,UPIN,,Medicare Provider Number,http://ns.electronichealth.net.au/id/medicare-provider-number,2450241T,,,,,,,,,,,cohen-jamel,,,oxley-public-hospital,http://www.abs.gov.au/ausstats/abs@.nsf/mf/1220.0,254411,Nurse Practitioner,,,,,,,,http://snomed.info/sct,722165004,Nursing,,,,,,oxley-public-hospital,,,phone,0270100053,work,email,jamel.cohen@oxleyph.example.com.au,work,,,,,,,,,,,,,
nursepractitioner-grant-lindsay,,,UPIN,,Medicare Provider Number,http://ns.electronichealth.net.au/id/medicare-provider-number,2450251L,,,,,,,,,,,grant-lindsay,,,monash-private-hospital,http://www.abs.gov.au/ausstats/abs@.nsf/mf/1220.0,254411,Nurse Practitioner,,,,,,,,http://snomed.info/sct,722165004,Nursing,,,,,,monash-private-hospital,,,phone,0270109196,work,email,lindsay.grant@monashph.example.net,work,,,,,,,,,,,,,
paediatrician-rowlands-alvera,,,UPIN,,Medicare Provider Number,http://ns.electronichealth.net.au/id/medicare-provider-number,2450261K,,,,,,,,,,,rowlands-alvera,,,,http://www.abs.gov.au/ausstats/abs@.nsf/mf/1220.0,253321,Paediatrician,,,,,,,,http://snomed.info/sct,24251000087109,General paediatric specialty,,,,,,,,,phone,0270103959,work,email,alvera.rowlands@example.net,work,,,,,,,,,,,,,
pathologist-stevens-chelsea,,,UPIN,,Medicare Provider Number,http://ns.electronichealth.net.au/id/medicare-provider-number,2450271J,,,,,,,,,,,stevens-chelsea,,,calwell-pathology,http://www.abs.gov.au/ausstats/abs@.nsf/mf/1220.0,253915,Pathologist,,,,,,,,http://snomed.info/sct,394595002,Pathology,,,,,,calwell-pathology,,,phone,0270103414,work,email,chelsea.stevens@calwellpathology.example.net,work,,,,,,,,,,,,,
retailpharmacist-lees-noreen,,,UPIN,,Medicare Provider Number,http://ns.electronichealth.net.au/id/medicare-provider-number,2450281H,,,,,,,,,,,lees-noreen,,,ginninderra-pharmacy,http://www.abs.gov.au/ausstats/abs@.nsf/mf/1220.0,251513,Retail Pharmacist,,,,,,,,http://snomed.info/sct,1268907002,Community pharmacy,,,,,,ginninderra-pharmacy,,,phone,0270105171,work,email,noreen.lees@ginninderrapharmacy.example.com.au,work,,,,,,,,,,,,,
registerednurses-gidley-stan,,,UPIN,,Medicare Provider Number,http://ns.electronichealth.net.au/id/medicare-provider-number,2450291F,,,,,,,,,,,gidley-stan,,,oxley-public-hospital,http://www.abs.gov.au/ausstats/abs@.nsf/mf/1220.0,254499,Registered Nurses nec,,,,,,,,http://snomed.info/sct,722165004,Nursing,,,,,,oxley-public-hospital,,,phone,0270104879,work,email,stan.gidley@oxleyph.example.com.au,work,,,,,,,,,,,,,
registerednurses-donaldson-stephanie,,,UPIN,,Medicare Provider Number,http://ns.electronichealth.net.au/id/medicare-provider-number,2450301X,,,,,,,,,,,donaldson-stephanie,,,monash-private-hospital,http://www.abs.gov.au/ausstats/abs@.nsf/mf/1220.0,254499,Registered Nurses nec,,,,,,,,http://snomed.info/sct,722165004,Nursing,,,,,,monash-private-hospital,,,phone,0270107007,work,email,stephanie.donaldson@monashph.example.net,work,,,,,,,,,,,,,
registerednurses-nairn-ricky,,,UPIN,,Medicare Provider Number,http://ns.electronichealth.net.au/id/medicare-provider-number,2450311W,,,,,,,,,,,nairn-ricky,,,ngunnawal-medical-practice,http://www.abs.gov.au/ausstats/abs@.nsf/mf/1220.0,254499,Registered Nurses nec,,,,,,,,http://snomed.info/sct,722165004,Nursing,,,,,,ngunnawal-medical-practice,,,phone,0270105708,work,email,ricky.nairn@ngunnawalmp.example.net,work,,,,,,,,,,,,,
medicaldiagnostic-alderson-helene,,,UPIN,,Medicare Provider Number,http://ns.electronichealth.net.au/id/medicare-provider-number,2450321T,,,,,,,,,,,alderson-helene,,,,http://www.abs.gov.au/ausstats/abs@.nsf/mf/1220.0,251211,Medical Diagnostic Radiographer,,,,,,,,,,,,,,,,,,,phone,0270103572,work,email,helene.alderson@example.net,work,,,,,,,,,,,,,
diagnostic-hill-maryln,,,UPIN,,Medicare Provider Number,http://ns.electronichealth.net.au/id/medicare-provider-number,2450331L,,,,,,,,,,,hill-maryln,,,nicholls-radiology,http://www.abs.gov.au/ausstats/abs@.nsf/mf/1220.0,253917,Diagnostic and Interventional Radiologist,,,,,,,,http://snomed.info/sct,408455009,Interventional radiology - speciality,,,,,,nicholls-radiology,,,phone,0270109297,work,email,maryln.hill@nichollsradiology.example.com.au,work,,,,,,,,,,,,,
surgeongeneral-cross-lizzie,,,UPIN,,Medicare Provider Number,http://ns.electronichealth.net.au/id/medicare-provider-number,2450341K,,,,,,,,,,,cross-lizzie,,,oxley-public-hospital,http://www.abs.gov.au/ausstats/abs@.nsf/mf/1220.0,253511,Surgeon (General),,,,,,,,http://snomed.info/sct,394609007,General surgery,,,,,,oxley-public-hospital,,,phone,0270105959,work,email,lizzie.cross@oxleyph.example.com.au,work,,,,,,,,,,,,,
surgeongeneral-pickford-aimee,,,UPIN,,Medicare Provider Number,http://ns.electronichealth.net.au/id/medicare-provider-number,2450351J,,,,,,,,,,,pickford-aimee,,,monash-private-hospital,http://www.abs.gov.au/ausstats/abs@.nsf/mf/1220.0,253511,Surgeon (General),,,,,,,,http://snomed.info/sct,394609007,General surgery,,,,,,monash-private-hospital,,,phone,0270107686,work,email,aimee.pickford@monashph.example.net,work,,,,,,,,,,,,,
