id,extension_indigenousStatus,identifier_ihi,identifier_medicare,identifier_dva,name_official_family,name_official_given1,name_official_given2,name_usual_given,telecom_home_phone,telecom_mobile_phone,telecom_email,gender,birthDate,birthDate_accurancyIndicator,address_home_line1,address_home_city,address_home_state,address_home_postalCode,address_postal_line1,address_postal_line2,address_postal_city,address_postal_state,address_postal_postalCode,communication1_language_code,communication1_language_system,communication1_language_display,communication1_preferred
50c48f4e-372b-9381-663a-e8f41e3ad3f8,1,,6951449677,,Bennelong,Anne,,,,0491 572 665,,female,1968-10-11,,4 Brisbane Street,Brisbane,QLD,4112,,,,,,yub,urn:ietf:bcp:47,Yugambal,
50c48f4e-372b-9381-663a-e8f41e3ad3f7,,8003608333339158,,,BURKE,AARON,R,,,,,male,1958-04-26,,320 HERMANN CCT,TIMBER CREEK,NT,0852,,,,,,,,,
7f38f250-e9d1-1bee-4ba9-d1e9fb030de7,,8003608666672753,,,ARNOLD,KIRRILY,A,,,,,female,1955-06-26,,449 DENISE CR,GREENBANKS,VIC,5253,,,,,,,,,
b427ead0-9f4a-e948-2a4b-4e80131bf159,,8003608500006077,,,HOBBS,LUDWIG,P,,,,,male,1947-11-09,,76 HUNG CCT,DEAKIN,ACT,2600,,,,,,,,,
48dd63ee-53e2-6a31-4574-f7d293b1d367,,8003608666672761,,,FARRELL,GAIL,R,,,,,female,1958-05-24,,211 FRITS GR,BUNDALL,QLD,4217,,,,,,,,,
8dc0b952-d761-cf51-6ddd-3b1b4f33fb76,,8003608500006085,,,GODWIN,MADELAINE,K,,,,,female,1963-04-20,,375 HELMUT GR,KONONGWOOTONG,VIC,3315,,,,,,,,,
a72516ce-ecd4-87e2-476d-2a5e49d51261,,8003608666672779,,,CORBETT,GERT,G,,,,,male,1969-07-08,,35 JIT GR,KARIJINI,WA,6751,,,,,,,,,
77a6169f-96bb-61af-b229-4b5b5f31d267,,8003608833339799,,,HUFFMAN,JAQUIE,E,,,,,female,1959-06-27,,466 GORDON PL,PORT CAMPBELL,VIC,3269,,,,,,,,,
30a54b53-899a-58a9-65d0-23f0043dc797,,8003608166672576,,,JENKINS,KERRIN,O,,,,,female,1958-02-11,,129 DANIELLE ST,THORNLEIGH,NSW,2120,,,,,,,,,
be4858b4-4b11-a305-81ef-0373fa43adc6,,8003608333339166,,,CHERRY,ANGELINA,Q,,,,,female,1957-06-21,,20 DELORES PL,WILMORES LANE,TAS,7301,,,,,,,,,
c001c6dd-3e20-7aa5-3180-993f8ba413a7,,8003608666672787,,,HAYES,DESIREE,K,,,,,female,1962-09-16,,743 DEE AVE,SANDFORD,VIC,3312,,,,,,,,,
ebf5ccc2-84c4-edd7-78fd-98e6aa1b596b,,8003608333339174,,,CONWAY,BRITTA,D,,,,,female,1965-01-12,,499 DELORES DR,MACQUARIE PARK,NSW,2113,,,,,,,,,
3e3fc9ff-f6ea-3fce-3b43-acd89d50ef41,,8003608833339807,,,DOLAN,CARLOS,U,,,,,male,1973-11-04,,14 ELLEN CCT,BRACKNELL,TAS,7302,,,,,,,,,
17f7f2a8-8fab-1e0e-7311-1847f0ea5945,,8003608166672584,,,CATES,KATHLEEN,B,,,,,female,1968-02-16,,422 GAVIN AVE,ELAINE,VIC,3334,,,,,,,,,
156960a8-f3e4-8aa9-f183-2b772ca0351c,,8003608333339182,,,HOOVER,LEIGH,L,,,,,female,1955-01-02,,468 JOHANN AVE,GRINDELWALD,TAS,7277,,,,,,,,,
fb142dca-36e4-ef65-e403-e9ed57c5049c,,8003608333339190,,,CRANE,JOE,N,,,,,male,1976-03-11,,862 HIRAM GR,ASHMORE,QLD,4214,,,,,,,,,
dc47c262-932c-fcaa-4f9f-1c45315e7c98,,8003608833339815,,,CAPPS,MIKE,R,,,,,male,1977-05-09,,412 ELLEN DR,PARADISE BEACH,NSW,2107,,,,,,,,,
cd35195b-86d6-632b-1cad-5b24c44989ca,,8003608833339823,,,GOULD,BLAJOIA,D,,,,,female,1963-04-16,,800 JOE AVE,OATLANDS,NSW,2117,,,,,,,,,
b4c10ecc-f3c8-4842-3fe9-dcc3e7568a76,,8003608333339208,,,LAMM,KAROLINA,F,,,,,female,1955-09-24,,759 CRYSTAL CCT,WONGULLA,SA,5238,,,,,,,,,
75670e47-4699-2ea7-05ef-5f2d6ae87a43,,8003608833339831,,,DUDLEY,KATHERINE,C,,,,,female,1967-06-02,,627 EDWINA CR,CHIFLEY,ACT,2606,,,,,,,,,
89070b33-e6d1-ae19-9baa-e57e13a1f369,,8003608333339216,,,HIGGINS,GRETA,P,,,,,female,1955-08-20,,314 DOT CR,HENLEY,NSW,2111,,,,,,,,,
2f069872-872a-d118-e310-65605eaea04b,,8003608833339898 ,29502158611,,BAREFOOT,JOCK,B,,,,,male,1980-11-08,,582 ELISE CCT,MACQUARIE CENTRE,NSW,2113,,,,,,,,,
9d3112b0-c0ea-eb2d-d356-948eaf598112,,8003608333339265 ,59500967911,,GREEN,HORACIO,,,,,,male,1978-05-05,,948 EDITH PL,HAHNDORF,VIC,5245,,,,,,,,,
cd4e35b1-995d-b854-0d6c-482e35fa940e,,8003608333339273 ,69501581911,,COPELAND,AOUL,N,,,,,male,1962-07-16,,604 ELIZABETH AVE,BAMBOO CREEK,WA,6760,,,,,,,,,
855ad4b2-c690-3e23-3fae-4133ae815293,,8003608000005751 ,49501772511,,BOWLES,DESIREE,Z,,,,,female,1958-07-19,,766 HORACE DR,SORRENTO,QLD,4217,,,,,,,,,
903caf07-b483-50bc-02e2-7ebf58594703,,8003608500006168 ,49501773411,,LAMB,HERB,L,,,,,male,1969-06-04,,364 ION AVE,MOLENDINAR,QLD,4214,,,,,,,,,
37aa721c-ae74-286d-7a19-784d925481cc,,8003608500006176 ,49501774311,,JENKINS,FAYE,W,,,,,female,1971-02-09,,324 DOREEN DR,RENNER SPRINGS,NT,0862,,,,,,,,,
986a22c3-ed7f-67c9-0727-28b8a090ea93,,8003608500006184 ,29502159511,,JACOBSON,CLAUDE,J,,,,,male,1964-03-20,,99 ELIZA ST,HUGHES,ACT,2605,,,,,,,,,
b7e1feeb-6034-3225-0755-18fd025b1813,,8003608500006192 ,49501775211,,CORBETT,BROOKE,N,,,,,female,1963-11-10,,483 CRYSTAL AVE,PARADISE POINT,QLD,4216,,,,,,,,,
a16d4f43-e881-4651-07b1-5b040a358cd2,,8003608333339281 ,49501776111,,KELLEY,LUKE,Q,,,,,male,1960-09-08,,142 HUNG CR,PARKWOOD,QLD,4214,,,,,,,,,
60a1616e-a3ad-d98f-b795-ed805cfa53b6,,8003608333339299 ,39501327211,,LAMB,DANIELLA,I,,,,,female,1964-10-20,,978 HENRY AVE,KONONGWOOTONG,VIC,3315,,,,,,,,,
3919750e-fc76-c510-4601-27ec65492468,,8003608500006200 ,29502160111,,BOYETTE,GRETEL,H,,,,,female,1976-09-06,,225 ELAINA GR,THE BASIN,NSW,2108,,,,,,,,,
03c68e00-0b69-8e79-5bf5-8f0e8eb50422,,8003608000005769 ,49501777011,,LANIER,LAYLA,J,,,,,female,1956-10-10,,489 CORDELIA CR,KEEBRA PARK,QLD,4215,,,,,,,,,
93f5a431-3191-a665-779a-eafb80769915,,8003608666672845 ,69501582811,,BARBER,LISA,Z,,,,,female,1957-03-05,,634 KINGSLEY PL,CARRICK,TAS,7291,,,,,,,,,
a211c1a3-8f97-5722-2fa0-cce7d9683532,,8003608833339906 ,39501328111,,FRAZIER,KENT,I,,,,,male,1976-02-11,,676 GEORGI PL,BROADWATER,VIC,3301,,,,,,,,,
ecfdaa2a-cb0c-8106-a001-03b72845a1b7,,8003608500006218 ,29502161011,,KEITH,ANNA,T,,,,,female,1971-02-24,,543 DOREEN PL,THE BASIN,NSW,2108,,,,,,,,,
a5f9180f-abac-44f9-5a01-67480af3238a,,8003608833339914 ,49501778911,,ALEXANDER,BRIAN,O,,,,,male,1948-09-03,,484 GERHARDT CCT,SURFERS PARADISE,QLD,4217,,,,,,,,,
a7ebbbc6-a1c5-ff97-98ce-a32d9788978d,,8003608166672667 ,39501329011,,CLAPP,JEREMIAH,Q,,,,,male,1978-05-21,,835 GUSTAF ST,HAMILTON,VIC,3300,,,,,,,,,
f18f218a-adfb-1a78-162b-2c52dc40649a,,8003608666672852 ,49501779811,,GAY,BEVERLY,K,,,,,female,1976-08-04,,874 FRED CR,NEWCASTLE WATERS,NT,0862,,,,,,,,,
a6b587dc-9595-b6f9-fabe-247652d0dc69,,8003608666672860 ,29502162911,,BANKS,JAYNE,A,,,,,female,1969-04-15,,774 DINH PL,WEST RYDE,NSW,2114,,,,,,,,,
4b096966-9926-9f81-0f54-a530dc6b0f34,,8003608500006226 ,29502163811,,HEWITT,BERYL,X,,,,,female,1976-02-17,,205 IGNATIUS CR,EASTWOOD,NSW,2122,,,,,,,,,
6afce781-2b12-a639-5b01-88725eea6879,,8003604570631431,2950189841 ,NX623461,Forde,Frederick,,,,,,male,1928-01-16,,41 Union Street,Maryville,NSW,2293,,,,,,,,,
f282d025-d77f-c803-0087-5dceff2a9070,,8003606791864386,2950189931 ,NX623462,Gibbs,George,,,,,,male,1990-03-20,,41 Water Street,Merewether,NSW,2291,,,,,,,,,
31f05bf8-529e-3d6f-cce9-310ec5811c4b,,8003602348417661,2950190021 ,NX623463,Goldsmith,Jane,,,,,,female,1977-06-12,,40 School Street,Adamstown,NSW,2289,,,,,,,,,
49fd40c9-3b1e-bb3a-7993-32bdf1e0aa8f,,8003602348417711,2950190111 ,NX623464,Gomez,Angelica,Sophia,Ang,,,,female,1981-07-11,,39 North Street,Broadmeadow,NSW,2292,,,,,,,,,
db574886-b163-fb74-409b-3aef85026212,,8003605681662611,2950190201 ,NX623465,Greenfield,Amy,Louise,,,,,female,1961-02-10,,39 Spring Street,Kotara,NSW,2289,,,,,,,,,
013292b3-51e3-52e1-d3b1-a5862a496c95,,8003602348417802,2950190391 ,NX623466,Gutierrez,Angela,Tahlia,,,,,female,1975-03-21,,38 Oak Street,New Lambton Heights,NSW,2305,,,,,,,,,
948fccbb-f640-b3b4-24d5-4a5761ba7a4d,,8003606791864576,2950190481 ,NX623467,Samuels,Amelia,,,,,,female,1971-10-15,,37 River Road,Georgetown,NSW,2298,,,,,,,,,
47a6e2ef-e4f7-1d7f-3d3a-d6eb2bedfe40,,8003604570631753,2950190571 ,NX623468,Furrows,Claudia,Jane,,,,,female,1963-11-08,,36 Prospect Street,Waratah,NSW,2298,,,,,,,,,
a657e91d-4051-bf26-5919-6b5ded1a53b3,,8003603459533262,2950190661 ,NX623469,Schmidt,Helga,,Joan,,,,female,1942-08-19,,35 Market Street,Callaghan,NSW,2308,,,,,,,,,
9d29e14b-4b3b-84c5-233f-e6ea1282e5e5,,8003603459533387,2950190751 ,NX623470,Roper,Scott,,,,,,male,1980-02-28,,33 Court Street,Jesmond,NSW,2299,,,,,,,,,
afb7e359-f614-93e9-7b8e-27637b9eb1fc,,8003603459533437,2950190841 ,NX623471,Hernandez,Chloe,Ruby,,,,,female,1990-12-25,,32 Park Street,Garden Suburb,NSW,2289,,,,,,,,,
881fa710-a983-804a-b302-a95f4334a85f,,8003601242748627,4950152151 ,QX712345,Benstead,Olivia,,,,,,female,2009-06-17,,32 Washington Avenue,Forest Lake,QLD,4078,,,,,,,,,
1a750e36-0a59-8d76-5b02-076c2da22db8,,8003605681663049,4950152241 ,QX712346,Barker,Emily,Mia,,,,,female,2011-06-01,,31 Front Street,Inala,QLD,4077,,,,,,,,,
88114145-d939-2ae5-c7d5-cc89fe4307f0,,8003602348418370,4950152331 ,QX712347,Black,Emma,Maya,,,,,female,1982-12-13,,30 3rd Street,Ellen Grove,QLD,4078,,,,,,,,,
3e2ee9ea-965a-0d11-e4a7-f7f6b83ce39b,,8003601242748767,4950152421 ,QX712348,Hunter,Steven,J,Steve,,,,male,1975-06-19,,30 Cedar Street,Carole Park,QLD,4300,,,,,,,,,
c70885a6-e536-6cbe-713f-f0a5a5dad118,,8003601242748809,4950152511 ,QX712349,Flinders,Jacob,,Jake,,,,male,1981-03-14,,28 Central Avenue,Richlands,QLD,4077,,,,,,,,,
fca2f7ba-a3a2-da12-5efd-1ecf213431c0,,8003603459533734,4950152601 ,QX712350,Huey,Brett,,,,,,male,1932-03-01,,28 Cherry Street,Pallara,QLD,4110,,,,,,,,,
04192256-f96c-b88d-43db-c5e98e7da114,,8003606791865201,4950152791 ,QX712351,Johnson,Judith,Jane,,,,,female,1971-09-13,,28 Highland Avenue,Doolandella,QLD,4077,,,,,,,,,
2337f28f-aa4d-4357-9721-81f4baabb536,,8003606791865227,4950152881 ,QX712352,Fields,Gemma,,,,,,female,1986-10-21,,27 Spruce Street,Durack,QLD,4077,,,,,,,,,
2bc0423e-5eff-7899-a46a-522d371d3b67,,8003605681663296,4950152971 ,QX712353,Kelleher,John,,Jonny,,,,male,1980-08-22,,27 West Street,Willawong,QLD,4110,,,,,,,,,
fe42572e-4422-69e4-afa4-fc29f6740245,,8003603459533882,4950153031 ,QX712354,Morrison,Matthew,Kurt,Matt,,,,male,1988-06-11,,26 Franklin Street,Wacol,QLD,4076,,,,,,,,,
